title,ingredient_names,diet_type
Blueberry Breakfast Sausage,"['pork sausage', 'fresh blueberries', 'dried thyme', 'olive oil']",Omnivorous
Greek Yogurt Buffalo Chicken Dip,"['boneless skinless chicken breast ', 'chicken broth ', 'cooked chicken', '1/3 less fat cream cheese', 'shredded cheddar cheese, ', 'non-fat plain Greek yogurt ', ""Frank's Red Hot Sauce"", 'lite maple syrup ', 'garlic powder', 'onion powder', 'green onions']",Omnivorous
Air Fryer Teriyaki Chicken,"['Chicken Breast', 'Lite Maple Syrup', 'Garlic Powder', 'Ground Ginger', 'Tapioca Flour', 'Water', 'Green Onions', 'Toasted Sesame Seeds']",Omnivorous
Instant Pot Chicken Stroganoff,"['boneless skinless chicken breast', 'egg noodles', 'chicken broth', 'baby bella mushrooms', 'dijon mustard ', '1/3 less fat cream cheese', 'spinach (optional)', 'salt', 'smoked paprika ', 'garlic powder', 'black pepper']",Omnivorous
Cowboy Soup,"['lean ground beef', 'medium onion', 'garlic', 'russet potatoes', 'Rotel', 'Ranch Style Beans', 'jalapeno', 'Beef Broth', 'olive oil', 'chili powder', 'ground cumin', 'salt', 'pepper']",Omnivorous
Pumpkin French Toast Casserole,"['Dave’s Killer White Bread Done Right', 'liquid egg whites', 'pumpkin puree', 'vanilla extract', 'pumpkin pie spice', 'light brown sugar', 'light brown sugar', 'unsalted butter']",Vegan
Lemon Blondies,"['coconut oil', 'eggs', 'vanilla extract ', 'lemon extract ', 'salt ', 'baking powder']",Vegetarian
White Bean Buffalo Dip,"['Great Northern White Beans ', '1/3 Less Fat Cream Cheese', 'Franks Red Hot Sauce ', 'Nonfat Fage Greek Yogurt ', 'garlic', 'Part Skim Mozzarella Cheese', 'Cheddar Cheese', 'green onions ']",Vegetarian
Air Fryer Mini Tacos,"['chicken breast', 'Yellow Corn Tortillas', 'Mexican Cheese Blend', 'salt', 'onion powder', 'garlic powder', 'paprika', 'chili powder', 'cumin', 'water', 'Part Skim Ricotta Cheese', 'Fage Nonfat Greek Yogurt ', 'garlic', 'salt', 'lime juice', 'cilantro ']",Omnivorous
Double Chocolate Protein Cookies,"['unsalted butter', 'Swerve Brown Sugar', 'Swerve Granular Sugar', 'egg', 'vanilla extract', 'Oat Flour ', 'Cocoa Powder', 'baking soda', 'salt', 'dark chocolate chips ']",Vegan
Mango Fried Rice,"['frozen riced cauliflower ', 'olive oil', '+ 1 tbsp. coconut aminos ', 'sesame oil', 'garlic powder', 'salt', 'mango', 'green onions']",Vegan
Big Mac Casserole,"['lean ground beef ', 'russet potatoes', 'white onion', 'water', 'olive oil ', 'yellow mustard', 'garlic powder', 'onion powder', 'shredded cheddar cheese', 'mayonnaise ', 'ketchup', 'dill pickles', 'dill pickle juice ', 'vine tomato', 'handful white onions', 'handful shredded iceberg lettuce ', 'dill pickle chips']",Omnivorous
Air Fryer Breakfast Potatoes,"['Russet Potatoes, washed and chopped', 'olive oil', 'garlic powder', 'onion powder', 'salt and pepper', 'green onion for garnish']",Vegan
Creamy Cajun Shrimp Pasta with Sausage,"['\xa0frozen medium size shrimp', 'Roasted Red Pepper and Garlic Chicken Sausage Links ', 'Bow Tie Pasta, Farfalle ', 'Olive Oil', 'butter', 'garlic clove', 'All-Purpose Flour', 'Fat Free Half and Half', 'Parmesan & Romano Shredded Cheese', 'Cajun Seasoning ', 'Cajun Seasoning', 'Chopped Parsley for garnish', 'Smoked Paprika', 'Salt', 'Garlic Powder', '\xa0Onion Powder', '\xa0dried Oregano', 'Cayenne Pepper', 'fresh ground black pepper']",Omnivorous
Cracked Out Tater Tot Casserole,"['chicken breast', 'nonfat 0% Greek Yogurt', 'cream of chicken soup', 'dry ranch seasoning ', 'dried dill', 'garlic powder', 'onion powder ', 'shredded cheddar cheese ', 'frozen tater tots ', 'salt and pepper', 'green onions']",Omnivorous
California Chicken Salad,"['rotisserie chicken, pulled from the bone (20 oz.)', '(150g) seedless red grades, quartered', 'stalks celery, diced', 'red onion (100g), chopped', 'chopped pecans, toasted', '\xa0Fage Non Fat 0% Greek Yogurt (210g)', 'Dijon Mustard', 'milk', '\xa0salt', 'poppy seeds']",Omnivorous
Cajun Salmon Pasta,"['(24 oz.) fresh Salmon Filets', 'Fettuccine Pasta (uncooked)', 'Olive Oil', 'butter', '\xa0garlic clove, minced', '\xa0All-Purpose Flour', '(300ml) Fat Free Half and Half', '(28g) Parmesan & Romano Shredded Cheese', 'Cajun Seasoning (for salmon)', 'Cajun Seasoning (for sauce)', 'Chopped Parsley for garnish', 'Smoked Paprika', 'Salt', 'Garlic Powder', 'Onion Powder', 'dried Oregano', 'Cayenne Pepper', 'fresh ground black pepper']",Omnivorous
Mango Corn Salsa,"['corn', 'mango, diced', 'small vine tomatoes, chopped', 'red onion, finely sliced', 'fresh cilantro', 'juice of 1 lime', 'salt ']",Vegan
Air Fryer Shrimp Tacos,"['raw jumbo shrimp, tails off and deveined', 'smoked paprika', 'ground cumin', 'chili powder', 'salt', 'flour tortillas', 'shredded cabbage', 'can corn', 'small mango', 'small vine tomatoes', 'red onion', '\xa0fresh cilantro', 'juice of 1 lime', 'salt']",Omnivorous
Southwest Chicken Crockpot,"['chicken breast, raw', 'can black beans (15oz.), drained and rinsed', '\xa0can corn (15oz.), drained', '\xa0can (10oz) Rotel® Original Diced Tomatoes & Green Chilies', 'salsa', 'Salt & Pepper to taste', 'Juice of half a lime', 'Optional: 2 oz. 1/3 less fat cream cheese']",Omnivorous
Italian Sliders,"[""\xa0pack Original Hawaiian Sweet Rolls (King's Hawaiian)"", '\xa0Deli Chicken (Dietz & Watson Southern Fried)', 'Deli Ham (Dietz & Watson)', 'Hot Capicola (Primo Taglio)', 'Genoa Salami (Primo Tagilo)', 'Provolone Cheese', 'Red Wine Vinegar', '\xa0Pepperoncini juice', 'Italian Seasoning + more for topping']",Omnivorous
Loaded Potato Casserole,"['raw chicken breast, cubed', 'petite golden potatoes, chopped', 'low skim mozzarella cheese shreds', 'pieces of bacon, cooked and chopped', 'Chopped green onions', 'Fresh cracked pepper', 'nonfat Greek yogurt (Fage)', 'apple cider vinegar', 'dried dill', 'dried chopped chives', 'garlic powder', 'onion powder', 'Salt and pepper to taste']",Omnivorous
Easy Spanish Rice,"['black beans, rinsed and drained', 'canned corn, rinsed and drained', 'small red onion, chopped', 'red bell pepper, chopped', 'frozen cauliflower rice (12oz) heated and drained', 'basmati ready rice, heated', 'juice of one lime', 'paprika', 'cumin', 'chili powder', 'salt and pepper', 'fresh chopped cilantro']",Vegan
Buffalo Italian Chicken Meatballs,"['\xa0Mild Italian Ground Chicken Sausage*', 'Egg', '\xa0panko bread crumbs', '\xa0creamy buffalo sauce**', 'hoagie style bun, toasted', 'Chopped green onion', 'Chopped cherry tomatoes', 'Extra Buffalo Sauce', 'Ranch Dressing']",Omnivorous
Copycat KFC Bowls,"['canned corn', 'gravy', 'butter', 'flour', 'chicken broth', 'beef broth', 'pinch of salt', 'pinch on garlic powder']",Omnivorous
Fried Spaghetti,"['lean ground beef', 'olive oil', 'yellow onion', 'garlic clove', ""Rao's Homemade Tomato Basil Sauce"", 'part skim ricotta cheese', 'dried oregano', 'Italian Seasoning', 'salt', 'fresh parsley', 'Banza Chickpea Spaghetti Noodles', 'low moisture part skim mozzarella cheese', 'fresh chopped parsley ', 'parmesan cheese']",Omnivorous
Turkey Stir-Fry,"['\xa0ground turkey (99% lean)', 'snow peas, chopped', 'baby carrots, sliced', 'broccoli, chopped', 'whole baby corn, chopped in 1/2', 'water chestnuts, sliced (~1/2 can)', 'water', '\xa0Kikkoman Stir-Fry sauce *', 'Pinch of crushed red pepper', 'Salt and pepper']",Omnivorous
High Protein Egg Roll In A Bowl,"['ground turkey (99/1)', 'toasted sesame oil', 'broccoli slaw mix', 'minced garlic', 'sliced cabbage', 'chopped water chestnuts (1/2 can)', 'sriracha', 'ground ginger', 'chopped green onion', 'salt and pepper']",Omnivorous
Macro Friendly Chili Mac,"['Macro Friendly Instant Pot Chili', 'Macro Mac and Cheese']",Vegetarian
Protein Mac and Cheese,"['Cellentani Pasta Noodles (Barilla)', 'salted butter', 'all-purpose flour', 'whole milk', 'Medium Cheddar Cheese shreds at room temp', 'Reduced Fat Sharp Cheese – shredded, at room temp', 'Pinch of salt – add more later if needed', 'garlic powder']",Vegetarian
Taco Tuesday Flank Steak,"['flank steak cut into slices against the grain \u2063', 'Taco Seasoning']",Vegan
Zucchini Lasagna – for ONE,"['\xa0sliced zucchini \u2063', '\xa0pasta sauce \u2063', 'reduced fat mozzarella', 'non fat Greek yogurt \u2063', 'part skim ricotta \u2063', '\xa0Jennie-o lean Turkey browned', 'salt', 'pepper', 'garlic powder', 'oregano ']",Omnivorous
Mexican Skillet,"['chopped chicken breast', 'whole corn kernels \u2063', 'black beans, drained and rinsed \u2063', 'red bell pepper ', 'salsa (30 tbsp) ** see note', 'basmati rice, uncooked \u2063', 'water \u2063', 'chili powder', 'cumin\u2063', '\xa0garlic powder \u2063', 'onion powder', 'salt', 'pepper', 'paprika \u2063', '* alternatively you can use taco seasoning of choice vs. seasonings listed \u2063']",Omnivorous
Instant Pot Shredded Beef,"['boneless chuck roast', 'olive oil', 'salt', 'garlic powder', 'onion powder', 'chili powder', 'lime', 'beef broth', 'handful cilantro']",Vegan
Cheesy Egg White Sausage Bake,"['ground pork sausage \u2063', 'container of egg whites', 'reduced fat mozzarella cheese shreds \u2063', 'red bell pepper. chopped', 'yellow onion\u2063, chopped', 'frozen hash browns \u2063', 'salt and pepper \u2063', 'paprika \u2063', 'dash of cayenne \u2063']",Omnivorous
Turkey Tater Tot Casserole,"['lean ground turkey ', 'yellow onion', 'garlic cloves', 'olive oil', 'salt', 'fresh cracked pepper ', '98% fat free cream of mushroom soup', 'cheddar cheese, shredded']",Omnivorous
Holiday Stuffing,"[""Dave's Killer White Bread Done Right Thin-Sliced"", 'unsalted butter', 'garlic cloves', 'yellow onion', 'celery stalks', 'sliced baby bella mushrooms', 'chicken stock ', 'chicken stock', 'eggs', 'shredded parmesan cheese', 'whole artichoke hearts (9.9oz jar)', 'poultry seasoning', 'dried rosemary', 'salt', 'fresh cracked black pepper to taste']",Omnivorous
Greek Yogurt Mashed Potatoes,"['russet potatoes', '0% Nonfat Fage Greek Yogurt', 'fat free half and half ', 'butter', 'salt and pepper to taste']",Vegetarian
Green Bean Casserole,"['yellow onion ', 'fat free half and half', 'all-purpose flour', 'tapioca flour', 'cajun seasoning', 'fresh green beans', 'butter', 'baby bella mushrooms', 'garlic cloves', 'tapioca flour', 'chicken broth ', 'fat-free half and half', 'worcestershire sauce', 'salt', 'fresh cracked black pepper ', 'parmesan cheese, shredded']",Omnivorous
Shaved Brussels Sprout Salad,"['fresh brussels sprouts', 'pear', 'fuji apple ', 'pomegranate seeds ', 'queso fresco', 'dried cranberries', 'chopped pecans', 'balsamic vinegar ', 'olive oil', 'dijon mustard ', 'lemon juice ', 'pinch of salt ', 'fresh cracked pepper']",Vegan
Pumpkin Spice Granola,['Pumpkin Pie Spice'],Vegan
Peppermint White Chocolate Granola,"['Peppermint Extract', ""White Chocolate Chips (Lily's) ""]",Vegan
Taco Mac and Cheese,"['lean ground beef', 'Banza Chickpea Pasta Elbows', 'red bell pepper, chopped', 'low fat cottage cheese', 'medium spice salsa ', 'whole milk', 'mild cheddar cheese', 'reduced fat sharp cheddar cheese', 'all-purpose flour', 'salt', 'onion powder', 'garlic powder', 'smoked paprika', 'chili powder', 'ground cumin', 'water']",Omnivorous
Ground Chicken Stir Fry,"['shredded carrots', 'broccoli, chopped', 'snow peas', 'whole water chestnuts ', 'green onion', 'salt and pepper', 'lite maple syrup', 'sesame oil', 'garlic cloves', 'ground ginger', 'tapioca flour', 'water']",Vegan
Thai Chicken Noodles,"['chicken breast ', 'large zucchini ', 'red bell pepper ', 'olive oil', 'garlic clove', 'egg', 'egg white', 'tapioca flour', 'water ', 'garlic powder ', 'chopped peanuts', 'green onions', 'cilantro', 'red pepper flakes']",Omnivorous
Garlic Parmesan Chicken Pasta,"['chicken Breast, raw', 'penne pasta, uncooked', 'garlic powder', '\xa0salt', 'black pepper', 'head roasted garlic', 'butter', '\xa0all-purpose flour', 'fat free half and half', 'parmesan cheese, shredded', 'nutmeg (optional)', 'salt and black pepper, to taste']",Omnivorous
Crunchy Mint Chocolate Brownies,"[""(30g) Bob's Red Mill Oat Flour"", ""(19g) Bob's Red Mill Whey Protein Powder*"", '+ 1 Tbsp. Cocoa Powder', 'salt', 'baking powder', '(1 stick) unsalted butter, melted', 'eggs', 'Coconut Sugar', 'vanilla', 'Crunchy Mint Chocolate Bar']",Vegetarian
Baked Oatmeal For One,"['unsweetened vanilla almond milk', 'pumpkin puree', 'egg whites', 'vanilla extract', 'ground cinnamon', 'pinch of salt', ""Lily's Baking Chocolate Chips"", 'drizzle of lite pancake syrup', 'additional almond milk after baking (highly recommend)', 'chocolate chips', 'fruit', 'whipped cream']",Vegetarian
Air Fryer Blackened Salmon,"['fresh Salmon filets, thawed', 'Blackened Seasoning', 'smoked paprika', 'garlic powder', '\xa0salt', 'black pepper', 'cayenne pepper']",Omnivorous
Chili Cheese Enchiladas,"['\xa0lean ground beef (93/7)', 'lean ground turkey (99/1)', '\xa0medium yellow onion, chopped', 'garlic clove, minced', '\xa0bell peppers, chopped (1 green, 1 red)', 'cans diced Fire Roasted Tomatoes (14oz cans)', 'can tomato paste (6oz)', 'can diced green chilies', 'beef broth', ""BUSH'S BEST Mixed Beans in a Mild Chili Sauce – 15.5 Oz"", 'chili powder', 'ground cumin', 'salt', 'pepper', 'Mission Carb Balance Flour Tortillas', '\xa0(112g) shredded Cheddar Cheese', 'La Victoria Sauce Enchilada Green Mild Can – 10 Oz', '\xa0(84g) shredded Monterey Jack Cheese']",Omnivorous
Air Fryer Halibut,"['fresh Halibut filets, thawed', '\xa0lemon, juiced', '\xa0dried dill', 'garlic powder', 'salt', 'Fresh Cacked Pepper']",Omnivorous
Turkey Sweet Potato Hash,"['lean ground turkey (93/7)', 'large sweet potatoes (630g / 1 lbs. 6 oz.), chopped', 'large yellow onion (150g), diced', 'Olive Oil', 'water', '\xa0garlic cloves, minced', 'Salt and fresh cracked pepper', 'cinnamon', '\xa0smoked paprika', 'salt', 'nutmeg', '\xa0water']",Omnivorous
Air Fryer Carrots and Potatoes,"['golden potatoes, quartered', 'large carrots, chopped', 'olive oil', 'garlic cloves, minced', 'lite maple syrup', 'Salt and Pepper', 'Red Pepper Flakes', 'Parsley for garnish']",Vegan
Air Fryer Chicken Meatballs,"['ground chicken (lean 96%)', 'Italian breadcrumbs', 'garlic powder', 'Italian seasoning', 'pinch of salt', 'pinch of black pepper', 'parsley']",Omnivorous
Steak and Shrimp Stir Fry,"['Flank Steak', 'frozen Medium waterfront BISTRO Shrimp Raw Peeled & Deveined Tail Off', 'package Bens Original Jasmine Ready Rice Side Dish – 8.5 OZ', 'olive oil for cooking', '(95g) Coconut Aminos', '\xa0Dijon Mustard', 'package Stir-Fry Broccoli (12 oz.)\xa0', 'green onions, chopped', '(140g) Coconut Aminos', 'ground ginger', 'garlic powder', 'lime, juiced']",Omnivorous
Chicken Pesto Sliders,"[""pack Savory Buttery Rolls (King's Hawaiian)"", 'Deli Chicken (Dietz & Watson Southern Fried)', 'Low-Moisture Part-Skim Mozzarella Cheese', '\xa0cloves of garlic', '\xa0fresh basil', '\xa0fresh spinach', 'water', '\xa0lemon juiced', 'Salt and pepper']",Omnivorous
Banana Pudding Dip,"['Fat Free Whipped Topping (Cool Whip)', 'Nonfat Greek Yogurt (Fage)', '1/3 Less Fat Cream Cheese', 'Sugar Free Banana Pudding Mix (powder)']",Vegetarian
Buffalo Tuna Dip,"['(5 oz.) cans of Wild Planet Albacore Tuna', '1/3 less fat cream cheese', 'nonfat Greek Yogurt (Fage)', ""Frank's Red Hot Buffalo Wings Sauce"", 'fresh chopped dill', 'fresh chopped chives', 'Low-Moisture Part-Skim Mozzarella, shredded']",Omnivorous
Cinnamon Cream Cheese Roll Ups,"[""\xa0Joseph's Lavash"", '1/3 less fat cream cheese', 'Swerve Confectioners Sugar', '\xa0Milk', 'Ground Cinnamon']",Vegetarian
Turkey Gravy and Biscuits,"['\xa0can Buttermilk Jumbo Biscuits (8 biscuits)', '\xa0Jennie-O Lean Turkey Sausage', 'whole milk', 'all-purpose flour', 'ground nutmeg', 'smoke paprika', 'salt', '\xa0fresh cracked pepper', 'cayenne (not needed but optional if you like extra spicy)']",Omnivorous
Blackened Chicken Caesar Salad,"['Chicken Breast', 'Heads Romaine Lettuce, chopped', 'Shaved Parmesan Cheese', '\xa0Sun-Dried Tomatoes Julienne Cut', 'Smoked Paprika', 'Garlic Powder', 'Salt', 'Pepper', '\xa0Cayenne Pepper', ""\xa0Thomas's Light English Muffin"", 'Cooking spray', 'Dash of salt', 'Dash of garlic powder', 'Fage Nonfat Greek Yogurt', 'lemon, juiced', 'garlic cloves, finely minced', 'white wine vinegar or white vinegar', 'anchovy paste', 'olive oil', '\xa0water', 'salt', 'fresh cracked pepper (add more to taste)']",Omnivorous
Air Fryer Beef Taquitos,"['ground beef (96/4)', '1/3 less fat cream cheese', 'Mission Carb Balance Soft Taco Flour Tortillas', 'salt', 'onion powder', 'garlic powder', 'paprika', 'chili powder', 'ground cumin', 'water']",Vegetarian
Philly Cheesesteak Stuffed Shells,"['\xa0ground beef (96% lean)', 'servings jumbo shells (250g or 25 shells)', '\xa0red bell pepper, diced (180g)', '\xa0green bell pepper, diced (150g)', 'yellow onion, diced (120g)', '\xa0package whole cremini mushrooms (7oz.), thinly sliced', 'salt', '\xa0pepper', 'paprika', 'onion powder', '\xa0garlic powder', '\xa0chili powder', 'water', 'part skim mozzarella cheese shreds', 'parmesan cheese shreds', 'whole milk', '\xa0garlic powder', 'provolone cheese']",Omnivorous
Blackened Chicken Tacos,"['boneless skinless chicken breast, raw', 'smoked paprika', 'garlic powder', 'salt', 'black pepper', '\xa0tsp cayenne pepper', '\xa0(150g) chopped pineapple', 'medium vine tomatoes (200g)', '(50g) thinly sliced red onion', 'chopped cilantro (loosely packed)', 'lime juice', 'salt', 'La Banderita Carb Counter Snack Size Tortillas', 'thinly sliced cabbage', 'fresh chopped cilantro', 'la crema sauce of choice']",Omnivorous
Dairy Free Egg Casserole,"['Johnsonville turkey sausage links', 'medium sweet potato', 'large yellow onion', 'olive oil', 'garlic', 'spinach', 'water', 'liquid egg whites', 'eggs', 'unsweetened almond milk', '\xa0paprika', 'cayenne pepper ', 'dash of salt and pepper']",Omnivorous
Blackened Shrimp Alfredo,"['jumbo frozen shrimp (deveined tail on)', '\xa0uncooked fettuccine noodles', '\xa0smoked paprika', 'garlic powder', 'salt', 'cayenne pepper', 'Fresh cracked pepper', '(84g) shredded parmesan cheese', 'whole milk', 'salt & pepper']",Omnivorous
Chicken Bacon Ranch Sliders,"[""pack King's Hawaiian Original Hawaiian Sweet Rolls"", 'ground chicken (96/4)', 'dry ranch seasoning', '(56g) Shredded Low-Moisture Part-Skim Mozzarella Cheese', 'mozzarella cheese', 'green onions, chopped', 'sesame seeds (garnish)', 'ranch dressing ']",Omnivorous
Honey Mustard Chicken Wraps,"['chicken breast, 2 breasts butterflied', 'Tumaros White Protein wraps', 'medium tomato slices', 'green leaf lettuce', 'sliced red onion', 'honey', 'Dijon mustard', 'garlic clove', 'salt and black pepper']",Omnivorous
Egg White Quiche,"['liquid egg whites', 'chopped yellow onion', '\xa0garlic clove, minced', 'whole milk', 'Low-Moisture Part-Skim Mozzarella, shredded', 'Arugula', 'salt and pepper']",Vegetarian
Boom Boom Shrimp,"['jumbo shrimp, raw', 'light mayonnaise', '(140g) Sweet Chili Sauce', '(70g) Ketchup', 'Sriracha (more or less to taste)', '\xa0garlic powder', '(13g) PB2 Peanut Butter Powdered']",Omnivorous
Easy Vegetable Quiche,"['chopped yellow onion', 'chopped spinach', 'garlic clove', 'cherry tomatoes, chopped', 'liquid egg whites', 'egg', 'whole milk', 'reduced fat feta cheese', 'parmesan cheese', 'salt and pepper', 'green onions']",Vegetarian
Pizza Mac and Cheese,"['Cellentani Pasta Noodles (Barilla)', '\xa0salted butter', '\xa0all-purpose flour', 'whole milk', 'Medium Cheddar Cheese shreds at room temp', 'Reduced Fat Sharp Cheese – shredded, at room temp', 'Pinch of salt – add more later if needed', 'garlic powder', 'low skim mozzarella cheese shreds', 'Italian Breadcrumbs', 'pizza sauce', 'slices Hormel Turkey Pepperoni']",Omnivorous
Lemon Orzo Pasta Salad,"['Orzo Pasta (measured uncooked)', 'cooked peas', 'chopped cherry tomatoes', 'handfuls fresh spinach', 'Lite Italian Dressing', 'balsamic vinegar', 'juice of one lemon wedge – 1/2 a lemon (to your taste)', 'salt and pepper']",Vegan
Sesame Ginger Chicken Pita,"[""Joseph's Bakery Flax, Oat, Bran & Whole Wheat Pita"", 'shredded cabbage', 'medium carrot peeled into thin slices', 'medium red bell pepper, thinly sliced', '\xa0green onions, chopped', 'Handful of sugar snap peas', 'unsalted cashews, broken into pieces', 'pre-cooked or grilled chicken breast', 'Ground ginger', 'Garlic powder', 'Sesame seeds', '\xa0Lime juice', 'Sesame Oil']",Omnivorous
Peanut Chicken Wraps,"[""Joseph's Lavash (full – can swap with your favorite see notes)"", 'cooked chicken breast', 'sliced green cabbage', 'sliced red cabbage', 'medium bell pepper, thinly sliced', 'Shaved carrot – using potato peeler', 'Chopped green onion', 'powdered PB2', 'Red Pepper Flakes', 'Water']",Omnivorous
Chocolate Protein Zucchini Bread,"['zucchini, shredded', 'egg', '\xa0Vanilla Extract', 'almond flour', 'Chocolate Protein Powder (Gold Standard Whey)', 'baking powder', 'baking soda', 'salt', 'ground cinnamon', 'chocolate chips on top']",Vegan
Chicken Enchilada Casserole,"['rotisserie chicken meat (small rotisserie chicken without bones)', 'can Red Enchilada Sauce', '\xa0can green chilies', 'can Fire Roasted Tomatoes', 'corn, drained', 'reduced fat Mexican Cheese shreds', 'Quest Nacho Cheese Protein Chips']",Omnivorous
Buffalo Chicken Sliders,"['Hawaiian Sweet Rolls (one pack)', '\xa0shaved buffalo chicken (linked)', 'reduced fat Mexican Cheese shreds', 'queso dip', '\xa0tomatillo avocado salsa', 'chopped green onions', 'cherry tomatoes']",Omnivorous
Fajita Burgers,"['Ground Beef Burger Patties (91% lean)', 'Burger Buns (200cals each)', '\xa0slices of white cheddar cheese', '\xa0red bell pepper, chopped (150g)', 'green bell pepper, chopped (150g)', 'large yellow onion, sliced', '\xa0can chipotle peppers in adobo sauce', 'water', 'lettuce (optional)', 'avocado (optional)']",Omnivorous
Oil Free Pesto,"['fresh basil (2 oz.)', 'spinach', 'large lemon juiced', '\xa0cloves of garlic', 'water', 'pinch of salt', 'fresh cracked pepper']",Vegan
Easy Cabbage Salad,"['small head of cabbage (620g), finely chopped and shredded', 'green onions, chopped', '(1 small baking pack) sliced almonds (60g)', 'toasted sesame seeds', 'package raw uncooked top ramen noodles', 'olive oil', 'water', 'white balsamic vinegar', 'granular swerve sweetener', 'salt', 'pepper']",Vegan
Overnight Banana Bread Oats,"['rolled oats', '\xa0unsweetened almond milk', 'non fat greek yogurt', 'ground cinnamon', 'PB2 Powdered Peanut Butter', 'ripe cubed small banana', 'vanilla extract (optional)', 'optional vanilla protein powder', 'Sliced banana', 'Honey drizzle', 'Peanut Butter', 'Chopped nuts']",Vegetarian
Teriyaki Chicken Casserole,"['raw chicken breast (approx. 2 breasts butterflied)', 'uncooked basmati rice ', 'stir fry veggies (I used Washed and Ready Broccoli Stir Fry mix)', 'chicken broth', 'Veri Veri Teriyaki Marinade & Sauce ', 'fresh cracked pepper']",Omnivorous
Salmon Foil Packs,"['fillet of salmon', 'small potato', 'broccoli', 'coconut aminos (or soy sauce)', 'sweet and spicy soy chili sauce ']",Omnivorous
Air Fryer Sesame Chicken,"['bonless chicken breast', 'plain panko breadcrumbs', 'cassava Flour', 'eggs', 'salt and black pepper', 'Sweet & Spicy Soy Chili Sauce', 'small orange juiced', 'coconut aminos or soy sauce']",Omnivorous
Air Fryer Egg Rolls,"['ground turkey ', '\xa0broccoli slaw mix ', 'minced garlic', 'heaping cups sliced cabbage', 'water chestnuts, chopped', 'sriracha', 'ground ginger', '\xa0chopped green onions', 'salt and pepper', 'additional sriracha as needed', 'Egg Roll Wrappers']",Omnivorous
Chicken Enchilada Soup,"['boneless skinless chicken breast, raw', '\xa0red bell pepper, chopped ', '\xa0small yellow onion, chopped ', 'can Whole Kernel Corn (no salt added) ', 'can low sodium Black Beans Low Sodium', 'can petite diced Tomatoes (no salt added)', 'can mild Red Enchilada Sauce ', 'can diced green chilies', 'low sodium Chicken Broth', 'salt', 'pepper', 'onion powder', 'garlic powder', 'paprika', 'chili powder', 'ground cumin', '1/3 less fat Cream Cheese']",Omnivorous
Honey Mustard Sheet Pan Chicken and Green Beans,"['chicken breast (raw)', '(332 grams) frozen green beans*', 'honey', 'Dijon mustard', 'minced garlic', 'salt and pepper']",Omnivorous
Blackened Chicken White Sauce Pizza,"['Papa Pita', 'Light Laughing Cow Cheese Wedge', 'Chopped Cherry Tomatoes', 'Chopped Spinach', 'Part Skim Ricotta Cheese', 'Fresh Chopped Basil or Parsley']",Vegetarian
Turkey Lasagna Soup,"['lean ground turkey', 'olive oil', 'yellow onion, diced', 'garlic ', 'Italian Seasoning', 'dried basil', 'salt', 'red pepper flakes', 'Fresh cracked pepper', 'large can Crushed Tomatoes', 'Rotel tomatoes and green chilies', 'water', 'low sodium beef broth', 'uncooked lasagna noodles', 'part skim ricotta cheese', 'ricotta cheese', 'fresh chopped basil', 'crushed red pepper', 'grated parmesan cheese']",Omnivorous
Ricotta Pancakes,"['Kodiak Protein-Packed Flapjack & Waffle Mix Buttermilk', 'part skim ricotta cheese', 'water']",Vegetarian
Sweet Jalapeno Corn Bread Breakfast Bake,"['ground turkey', 'container of Egg Whites', 'Corn Bread Mix – Krusteaz', '\xa0Chili Powder', '\xa0tamed Jalapenos, chopped']",Omnivorous
Simple Sausage and Bok Choy Pasta,"['mild ground Italian Sausage', 'minced garlic', 'baby bok choy, chopped', 'handful (50g) sliced crimini mushrooms', 'chicken broth', '\xa0cooked pasta of choice, measured uncooked', 'salt and pepper']",Omnivorous
Creamy Chicken and Veggie Casserole,"['raw chicken breast, chopped into bite size pieces', 'yellow onion, chopped ', '\xa0red bell pepper, cut into strips ', 'green bell pepper, cut into slices', 'package of frozen spinach, defrosted (10 oz. package) and water drained', 'sliced cremini mushrooms', '98% fat free condensed cream of mushroom soup', 'non fat sour cream ', 'unsalted butter', 'minced garlic', 'paprika', 'salt and pepper']",Omnivorous
Wildway Energy Bites,"['(150g) Wildway Banana Nut Grain Free Granola', '(32.5g) PB2 Peanut Butter Powder', 'water', 'Packet of Better Oats Cinnamon Roll Instant Oatmeal']",Vegan
Turkey Taco Breakfast Bake,"['lean ground turkey', 'can\xa0black beans', '\xa0canned corn', 'liquid egg whites', 'white corn tortillas (100 cals for 2)\xa0', 'reduced fat Mexican cheese blend ', '\xa0salt', 'onion powder', 'garlic powder', 'paprika', 'chili powder', 'cumin', 'fresh cracked pepper']",Omnivorous
Big Mac Pizza,"['self-rising flour', 'low-fat cottage cheese', 'salt', 'dried basil', 'dried oregano', 'chopped green leaf lettuce', 'lean ground beef', 'yellow mustard', 'garlic powder', 'onion powder', 'salt', 'fresh cracked pepper', 'light mayonnaise', 'kethcup', 'dill pickles ', 'pickkle juice ', 'shredded cheddar cheese', 'shredded iceberg lettuce', 'finely chopped white onion', 'dil pickles']",Omnivorous
Air Fryer Blackened Chicken,"['\xa0chicken breast', 'smoked paprika', 'garlic powder', '\xa0salt', 'black pepper', 'cayenne pepper']",Omnivorous
Fajita Shrimp Burritos,"['\xa0deveined and shelled shrimp (raw)', 'cumin', 'chili powder ', 'onion powder ', 'garlic powder ', 'salt ', 'sliced green bell pepper \u2063', 'sliced red onion \u2063', 'plain nonfat Greek yogurt \u2063', 'lime\xa0wedge \u2063', 'basmati rice \u2063', 'Jalapeno hot sauce \u2063or any green hot sauce', ""Joseph's Bakery Lavash""]",Omnivorous
Blueberry French Toast Bake,"['Hawaiian Sweet Rolls', 'brown sugar', 'ground cinnamon', 'ground nutmeg', 'container of liquid egg whites', 'eggs', 'whole fat milk', 'cream cheese, chopped into small pieces', 'frozen or fresh blueberries', 'light pancake syrup', 'pinch of salt']",Vegetarian
Blackened Chicken Alfredo,"['chicken breast, raw', 'fettuccine noodles – using De Cecco (UNCOOKED)', 'Butter', 'minced garlic', 'laughing cow cheese wedges (light)', ' Whole Milk', 'cream cheese, cubed (room temp works best)', 'grated parmesan cheese', 'Fresh cracked black pepper ', '\xa0smoked paprika', 'garlic powder', 'salt', 'black pepper', 'cayenne pepper']",Omnivorous
Individual Pumpkin Pie Apple Danish,"['can (8) crescent rolls (reduced fat)', '\xa0brown sugar', 'pumpkin pie spice', 'butter', 'rocket apples thinly sliced (or 100g)*', 'cream cheese split into 8 pieces (7g per tart)', '\xa0(40g)\xa0powdered sugar', 'Gold Standard Whey Vanilla Ice Cream protein powder (15g)', 'whole milk']",Vegetarian
Chicken Pot Pie Casserole,"['boneless skinless chicken breast', 'paprika', 'garlic powder', 'onion powder', 'salt', 'black pepper', 'dried thyme', 'dried basil', 'dried oregano', 'chicken breast, shredded and seasoned', 'butter', 'garlic clove', 'yellow onion', 'chicken broth', 'all-purpose flour', 'whole milk', 'chicken broth', 'frozen corn ', 'frozen peas and carrots', 'salt and pepper to taste', '\xa0crescent rolls']",Omnivorous
Cinnamon Roll French Toast Egg Bake,"['Kings Hawaiian Sweet Rolls', 'brown sugar', 'ground cinnamon', 'container of egg whites – entire container', 'eggs', 'whole milk', 'light pancake syrup', 'pinch of salt', 'powdered sugar', 'whole milk']",Vegetarian
Chicken Lo Mein,"['chicken breast, chopped into bite size cubes', 'Medium\xa0zucchinis, zoodled', '\xa0sliced cabbage', 'medium yellow bell pepper, sliced', 'minced garlic', 'chopped water chestnuts, 1/2 container', 'salt and pepper', '(one bundle) Lo Mein egg noodles, cooked (Wel Pac)', '\xa0Kikkoman Stir-fry Sauce', 'chopped green onion']",Omnivorous
Sheet Pan Fajita Bowls,"['chicken breast, sliced into strips', 'red bell pepper, sliced', 'orange bell pepper, sliced', 'red onion, sliced', '\xa0lime juice', 'honey', 'chili powder', 'cumin', 'paprika', 'garlic powder', 'salt', 'pepper', 'cooked basmati rice', 'chopped cilantro', 'Juice of 1 lime', 'Pinch of salt']",Omnivorous
Taco Tuesday Skillet,"['96/4 ground beef', 'Taco Seasoning*', 'diced green chilies', 'corn, rinsed and drained', 'black beans, rinsed and drained', 'Red Enchilada Sauce (Old El Paso Enchilada Sauce Mild red)', 'Barilla Medium Shells', '\xa0reduced sodium beef broth', 'reduced fat Mexican Cheese', 'salt', 'onion powder', 'garlic powder', 'paprika', '\xa0chili powder', 'cumin*', 'Fresh cracked pepper', 'Approx. 8-10 tbsp water']",Vegetarian
Tomato Breakfast Bake,"['\xa0frozen hash browns – using Alexia Yukon Potatoes', 'eggs', 'full 32oz container egg whites (907g)', '\xa0(85g) Low Moisture Park Skim Shredded Mozzarella', 'whole milk', '\xa0sliced (85g) tomato', 'salt', 'pepper', 'paprika', 'dash of cayenne pepper', 'chives, chopped']",Vegetarian
Beef and Lentil Stew,"['stew meat (bottom round roast or chuck roast), trimmed', 'uncooked lentils', 'chopped carrots', 'chopped yellow onion', 'quartered baby golden potatoes', '\xa0frozen peas', 'can fire roasted tomatoes', 'beef broth', 'smoked paprika', 'cumin', 'minced garlic', 'bay leaf', 'salt', 'black pepper', '\xa0cayenne pepper']",Vegan
Air Fryer Buffalo Cauliflower Bites,"['head\xa0(590g)\xa0of cauliflower (590g)', 'egg whites (92g)', 'Almond Flour', 'garlic powder', 'salt', 'black pepper', 'Franks Red Hot Buffalo Sauce', 'honey']",Vegan
Chicken Fried Rice,"['chicken breast – chopped', '\xa0basmati (measured raw), cooked', 'frozen peas – thawed', 'frozen carrots – thawed', 'medium\xa0yellow onion', 'minced garlic', 'ground ginger', 'eggs', 'Red Pepper Flakes', 'Salt and pepper – to taste', 'Toppings: chopped green onion, toasted sesame seeds and sriracha']",Omnivorous
Macro Friendly Chili,"['lean ground beef ', '\xa0lean ground turkey ', 'medium yellow onion, chopped', 'garlic clove, minced', 'bell peppers, chopped (1 green, 1 red)', '\xa0cans diced Fire Roasted Tomatoes ', 'can tomato paste', 'can diced green chilies', 'low sodium beef broth', ""can BUSH'S BEST Mixed Beans in a Mild Chili Sauce"", '\xa0chili powder', 'ground cumin', 'salt', 'pepper']",Omnivorous
Lazy Chicken Cordon Bleu,"['\xa0thinly sliced chicken breasts', 'slice deli ham', 'slice reduced fat swiss cheese', 'salt and pepper', 'chicken broth – for simmering', '\xa0dijon', '\xa0horseradish', 'chicken broth', '2% milk']",Omnivorous
Turkey Taco Bowl,"['ground turkey – measured raw or adjusted for cooked', 'Taco Seasoning', '\xa0basmati rice', 'unsalted black beans, drained and rinsed', 'corn', 'salsa', 'of Eat Wholly spicy guacamole*', 'juice of 1 lime wedge', 'fresh chopped cilantro', 'salt', 'onion powder', 'garlic powder', 'paprika', 'chili powder', 'cumin', 'salsa']",Vegan
Peanut Chicken Noodles,"['\xa0linguini', 'raw chicken – cooked', 'peeled carrot (use a potato peeler)', 'thinly sliced red bell pepper', 'thinly sliced yellow bell pepper', 'Peanut Sauce', 'Chopped green onion', 'Toppings: red pepper flakes and toasted sesames', 'PB2 Peanut Butter powder', 'cold water', 'dash of garlic powder', 'dash of ginger powder']",Vegan
Copycat Chick-Fil-A Grilled Chicken Sandwich,"['thin cut chicken breasts', 'jar of pickle juice', 'salt and pepper', 'grean leaf lettuce', 'ripe tomato slice', 'bun (I use Alfaro Artesano bakery buns)', 'Bolthouse Farms Honey BBQ Ranch *']",Omnivorous
Chicken Adobo Nachos,"[""piece\xa0of Joseph's Lavash bread"", 'Chicken Adobo', 'serving Chili Lime Crema', '\xa0Spicy Nacho Dip (using the Honest Stand)', 'chopped red onion', 'chopped fresh cilantro', 'light sour cream\u2063', 'lime juice', 'lime zest \u2063', '\xa0chili powder \u2063']",Omnivorous
Crockpot BBQ Pulled Chicken,"['chicken breast ', 'yellow onion, sliced', 'full bottle G Hughs BBQ sauce (full bottle for extra sauce) see note', 'bagged coleslaw mix\u2063 (or shredded red cabbage, green cabbage and carrots)', 'thinly sliced red onion \u2063', 'juice of one lime \u2063', 'salt & pepper\u2063']",Omnivorous
Cajun Sausage and Potato Skillet,"['\xa0Style Andouille \u2063sausages', 'baby yellow potatoes halved \u2063', 'red bell pepper chopped', 'yellow onion, chopped', 'kale chopped \u2063', 'chicken broth (reduced sodium)\u2063', 'minced garlic']",Omnivorous
Chicken and White Bean Chili,"['\xa0chicken breast\u2063', 'white chili beans (rinsed and drained) \u2063', 'corn\u2063 (drained)', 'chopped green chilies\u2063', 'chicken broth \u2063', '\xa0cumin\u2063', 'chili powder', 'onion powder \u2063', 'garlic powder \u2063', 'salt', 'black pepper \u2063']",Omnivorous
BBQ Chicken Pizza,"['\xa0full\xa0Josephs Lavash Bread', 'reduced fat cheddar cheese shreds', 'reduced fat mozzarella cheese shreds', 'Tyson blackened chicken strips, warmed and chopped \u2063', 'thinly sliced red onion', 'Bolthouse Farms Ranch Dressing', 'G Hughes Sugar Free Honey BBQ\u2063 Sauce', 'fresh cilantro \u2063']",Omnivorous
Breakfast Pizza,"['eggs', 'turkey sausage patty', 'velveeta shreds', 'Josephs Bakery pita', 'Drizzle\xa0Franks Red Hot Sauce']",Omnivorous
Beef and Bean Tostadas,"['La Banderita carb counter flour tortillas \u2063', 'olive oil \u2063spray', 'salt\u2063', 'paprika\xa0', 'salt', 'onion powder', 'garlic powder', 'paprika', 'chili powder \u2063', 'cumin', '\u2063fresh cracked pepper', 'ground beef', 'Cooked tostadas', 'Refried Beans', 'Taco Meat', 'Chopped Lettuce', 'Chopped Red Onion', 'Fresh Salsa', 'reduced fat Mexican cheese blend\u2063', 'Greek nonfat yogurt', '\u2063finely diced radish \u2063']",Vegetarian
Chicken Adobo Pitas with Chili Lime Crema,"['chicken breast \u2063', '\xa0can chipotle peppers in adobo sauce (7oz)\u2063', 'water \u2063', '(~1/2 container) salsa \u2063', '\xa0light sour cream\u2063', '\xa0lime juice', 'lime zest \u2063', '\xa0chili powder \u2063', ""Joseph's Bakery Pitas""]",Omnivorous
Hot Honey Lemon Pepper Wings,"['Chicken Drumettes (approx. 10)', 'Chicken Wings (approx. 10)', 'Lemon Pepper Seasoning', 'Salt', 'Ranch for serving', 'Franks Red Hot Sauce (or favorite hot sauce)', 'Light Pancake Syrup (62ml)', 'Mikes Hot Honey', 'lemon juice', 'Butter']",Omnivorous
Lazy Lasagna,"['lean ground beef ', 'white onion, chopped ', 'minced garlic', 'salt', 'black pepper', 'Italian seasoning', 'dried basil', 'tomato basil pasta sauce ', 'beef broth ', 'rigatoni noodles ', 'low moisture part skim mozzarella cheese', 'part skim ricotta cheese', 'fresh chopped basil ', 'parmesan cheese', 'additional ricotta cheese']",Omnivorous
Lazy Enchiladas,"['lean ground beef (96/4)', 'can Red Enchilada Sauce ', 'can diced green chilies ', 'Mexican Cheese, Shredded', 'Super Soft Mission Flour Tortillas ', 'ground cumin', 'smoked paprika', 'garlic powder', 'chili powder', 'water']",Omnivorous
Black Bean Chicken Chili,"['boneless skinless chicken breast ', 'olive oil ', 'garlic cloves', 'bell peppers ', 'yellow onion', 'diced green chilies', 'ground cumin', 'chili powder ', 'salt ', 'black pepper', 'black beans ', 'fire roasted tomatoes', 'chicken broth ', 'corn']",Omnivorous
Air Fryer Sweet and Sour Chicken,"['chicken breast ', 'pineapple juice ', 'pineapple chunks', 'Swerve brown sugar ', 'rice vinegar', 'ketchup', 'tapioca flour ', 'water', 'green onions']",Omnivorous
Air Fryer Teriyaki Salmon,"['fresh salmon filets, thawed', 'light pancake syrup', 'garlic, minced', 'fresh ginger, minced', 'arrowroot powder (at the end)']",Omnivorous
Air Fryer Smashed Potatoes,"['golden petite potatoes', 'olive oil', 'salt', 'Italian seasoning', 'garlic powder', 'fresh cracked black pepper', 'fresh parsley', 'fresh cilantro', 'shallot', 'lime', 'garlic cloves', 'olive oil', 'red wine vinegar', 'salt and pepper']",Vegan
Pumpkin Chocolate Chip Muffins,"['unsalted butter, melted', 'eggs', 'pumpkin puree', 'vanilla', 'honey', 'maple syrup', ""Bob's Red Mill Oat Flour"", ""Bob's Red Mill Whey Protein Powder*"", 'baking powder', 'salt', 'pumpkin pie spice', ""Lily's Chocolate Chips * dark or milk chocolate""]",Vegetarian
Crab and Artichoke Sandwich,"['(12 oz.) Bumble Bee Crabmeat Premium Select Wild Fancy White', 'Olive Oil Mayonnaise', '(56g) Fage Nonfat Greek Yogurt', '(28g) shredded parmesan cheese', 'finely sliced yellow onion', 'chopped artichoke hearts', 'salt', 'fresh parsley, chopped', 'Sliced French Bread', 'Sliced Tomato', 'thinly sliced Monterey Jack cheese', 'Fresh cracked pepper to taste']",Vegetarian
Maple Oatmeal Cookies,"['(1 stick) unsalted butter, room temperature', 'Coconut Sugar', 'egg', 'vanilla extract', 'packs of Better Oats Maple Brown Sugar Instant Oats', ""+ 2 Tbsp. Bob's Red Mill Oat Flour"", 'Baking Soda', 'salt', 'packages (58g) raisins']",Vegan
Peanut Butter Stuffed Dates,"['dates, seeds removed', '(33g) creamy peanut butter', 'chocolate chips of choice', '(5g) coconut oil', 'Toppings of choice']",Vegan
Vegetarian Hamburger Helper,"['(140g dry) lentils', 'water (for cooking lentils)', 'Olive Oil', 'yellow onion, chopped', 'cloves garlic, minced', 'can tomato sauce', 'salt', 'chili powder', 'paprika', 'Fresh Cracked Pepper', '(8 oz.) Banza Chickpea Elbow Noodles', '(2 oz.) cheddar cheese, shredded', 'cream cheese (full fat)', 'Vegetable broth', 'Parsley for garnish']",Vegetarian
Cast Iron Queso,"['low fat cottage cheese', '1/3 less fat cream cheese', 'cheddar cheese ', 'small tomato', 'jalapeno ', 'garlic cloves', 'salt', 'paprika', 'turkey bacon, cooked', 'cilantro', 'chopped red onion']",Vegetarian
Air Fryer Buffalo Chicken Tenders,"['chicken breast tenders ', 'Italian breadcrumbs ', 'tapioca flour ', 'egg', 'Franks Red Hot Sauce', 'butter', 'garlic powder ']",Omnivorous
Air Fryer Breaded Pork Tenderloin,"['pork tenderloin', 'Italian breadcrumbs', 'tapioca flour ', 'salt and pepper']",Omnivorous
Chicken Teriyaki Pineapple Bowl,"['boneless skinless chicken breast', 'garlic powder', 'ground ginger', 'tapioca flour', 'water', 'can of chopped pineapples', 'bag frozen riced cauliflower', ""Uncle Ben's Basmati ready rice "", 'green onions', 'chopped green onions', 'toasted sesame seeds', 'red pepper flakes']",Omnivorous
Ground Chicken Sloppy Joes,"['green bell pepper, chopped', 'yellow onion, chopped', 'cloves garlic, minced ', 'salt and pepper ', 'can tomato sauce ', 'Worcestershire sauce ', 'syrup ', 'yellow mustard', 'hickory liquid smoke ', 'salt', 'smoked paprika ', 'pepper ', 'tapioca flour ', 'water ']",Vegan
Buffalo Chicken Rice Bowl,"['boneless skinless chicken breast', 'salt and pepper', 'Franks Red Hot Sauce', 'garlic powder', 'frozen cauliflower riced', ""Uncle Ben's Basmati Ready Rice"", 'lime juice', 'cherry tomatoes', 'English cucumber', 'shredded carrots', 'green onions', 'Bolthouse Farms ranch dressing']",Omnivorous
Teriyaki Beef Bowls,"['lean ground beef ', 'red bell pepper ', 'broccoli florettes ', 'shredded carrots', 'garlic clove', 'garlic powder', 'ground ginger', 'green onions', 'red pepper flakes']",Omnivorous
Breakfast Burrito Bowls,"['lean ground turkey ', 'orange bell pepper', 'small red onion', 'garlic clove', 'frozen riced cauliflower', 'fresh cilantro', 'lime, juiced', 'black beans', 'salt ', 'onion powder', 'garic powder', 'smoked paprika', 'chili powder', 'cumin', 'water']",Omnivorous
Ground Turkey Bowls,"['lean ground turkey', 'chili powder', 'smoked paprika', 'ground turmeric ', 'large sweet potatoes, chopped', 'kale, chopped', 'lemon, juiced', 'olive oil', 'english cucumber, sliced', 'cherry tomatoes ', 'sliced carrots', 'salt and black pepper ', '+ 2 Tbsp. powdered peanut butter PB2 ', 'water', 'lite maple syrup', 'lemon, juiced', 'dash of cayenne pepper ', 'pinch of salt ', 'apple cider vinegar', 'honey', 'kosher salt', 'water', 'red onion', 'garlic cloves', 'black peppercorns ']",Omnivorous
Garlic Turmeric Rice,"['Basmati Rice uncooked', 'water', 'olive oil', 'frozen riced cauliflower ', 'butter', 'garlic ', 'turmeric powder', 'salt and pepper', 'cilantro', 'parsley']",Vegan
Acai Protein Bowls,"['0% nonfat plain Greek yogurt ', 'scoop Vanilla protein powder ']",Vegetarian
Fried Pickle Dip,"['panko breadcrumbs ', 'butter', 'low fat cottage cheese', 'nonfat plain 0% Greek yogurt', '1/3 less fat cream cheese ', 'pickle juice', 'dill pickle rounds', 'fresh dill', 'garlic powder', 'salt', 'pepper', 'vegetables', 'crackers', 'pita chips', 'pita bread ']",Vegetarian
High Protein Pasta Salad,"['Chickpea Rotini pasta', 'red bell pepper, chopped', 'English cucumber, chopped', 'brocolli florets, finely chopped', 'cherry tomatoes, chopped', 'red onion, chopped', 'fresh parsley, chopped', 'fresh basil, chopped', 'fat free feta cheese, crumbled ', 'can of sliced black olives ', 'salt and pepper', 'extra virgin olive oil', 'red wine vinegar', 'dijon mustard', 'garlic clove, minced', 'salt and pepper']",Vegetarian
Southwest Frittata,"['Jennie-O Turkey Sausage ', 'olive oil', 'red bell pepper', 'small red onion', 'jalapeño', 'chili powder', 'cumin', 'salt and pepper, to taste', 'liquid egg whites', 'shredded cheddar cheese', 'Fresh cilantro ', 'Salsa', 'Hot sauce', 'Greek yogurt']",Omnivorous
Instant Pot Fried Rice,"['uncooked basmati rice ', 'water', 'frozen riced cauliflower', 'garlic powder', 'ground ginger', 'egg', 'liquid egg whites ']",Vegan
Buffalo Ranch Chicken Salad,"['boneless skinless chicken breast', 'Buffalo Ranch Dressing ', 'celery ', 'red onion', 'fresh parsley ', 'fresh chives', 'salt and pepper to taste', 'unsweetened vanilla almond milk', 'plain unsweetened non fat Greek yogurt', ""Frank's Red Hot Sauce"", 'lemon juice', 'Dijon mustard', 'garlic', 'dried dill', 'dried chives', 'onion powder', 'salt and black pepper to taste']",Omnivorous
Instant Pot Chicken Spaghetti,"['Italian seasoned ground chicken', 'olive oil', 'Barilla Protein Plus spaghetti', 'onion', 'garlic', 'paprika', 'salt and black pepper, to taste', 'zucchini', 'low sodium chicken broth', 'diced tomatoes, undrained', 'tomato sauce', 'fresh parsley']",Omnivorous
Cast Iron Flank Steak,"['flank steak', 'olive oil', 'garlic', 'brown sugar', 'Worcestershire sauce ', 'balsamic vinegar', 'dried rosemary ', 'salt and pepper, to taste', 'olive oil']",Vegan
Black Bean Corn Feta Dip,"['black beans', 'corn', 'fat free feta cheese', 'red onion', 'fresh cilantro', 'jalapeno ', 'lime', 'olive oil', 'ground cumin', 'chili powder', 'salt and pepper']",Vegetarian
Brioche French Toast Casserole,"['brioche bread', 'eggs', 'liquid egg whites', 'low fat 1% milk (or dairy-free milk of choice)', 'maple syrup', 'pure vanilla extract', 'ground cinnamon', 'ground nutmeg', 'salt', 'unsalted butter', 'maple syrup', 'ground cinnamon', 'salt', 'chopped walnuts']",Vegetarian
Instant Pot Fettuccine Alfredo,"['fettuccine noodles', 'low sodium chicken broth', 'water', 'cloves garlic', 'salt', 'black pepper', 'olive oil', 'low fat 1% milk', 'arrowroot powder', 'Parmesan cheese', 'non-fat plain Greek Yogurt', 'fresh parsley']",Omnivorous
Blueberry Protein Muffins,"[""Bob's Gluten Free 1:1 Baking Flour"", 'baking powder', 'baking soda', 'salt', 'unsweetened apple sauce', 'plain non-fat Greek yogurt', 'honey or maple syrup', 'eggs', 'pure vanilla extract', 'fresh or frozen blueberries']",Vegetarian
Instant Pot Carnitas,"['boneless pork shoulder', 'white onion', 'garlic', 'fresh orange juice', 'limes', 'chicken broth ', 'chili powder', 'ground cumin', 'ground oregano', 'smoked paprika', 'salt', 'pepper', 'cayenne pepper ', 'shredded cheddar cheese ', 'garlic', 'ground cumin', 'salt ', 'fresh cracked pepper to taste', 'fresh chopped cilantro ']",Omnivorous
Chocolate Peanut Butter Muffins,"['all purpose flour', 'unsweetened cocoa powder', 'granulated sugar', 'baking powder', 'baking soda', 'salt', 'eggs', 'plain Greek yogurt (5% preferred) ', 'unsweetened Vanilla almond milk', 'creamy peanut butter ', 'vanilla extract', 'chocolate chips']",Vegetarian
Tuna Pasta Salad,"['rotini chickpea pasta', 'tuna ', 'red onion', 'celery', 'red bell pepper', 'cherry tomatoes', 'cucumber', 'frozen peas', 'fresh dill', 'non-fat plain Greek yogurt', 'low-fat mayonnaise', 'parmesan cheese', 'Dijon mustard', 'lemon juice', 'salt and pepper', 'fresh parsley']",Omnivorous
Crock Pot Buffalo Chicken Dip,"['boneless skinless chicken breast', ""Frank's Red Hot Sauce"", '1/3 less fat cream cheese', 'non-fat Greek yogurt', 'sharp cheddar cheese', 'low-moisture part-skim mozzarella cheese', 'green onions', 'garlic powder', 'salt']",Omnivorous
Grilled Teriyaki Chicken,"['boneless skinless chicken breast', 'honey', 'garlic powder', 'ground ginger', 'baby bok choy', 'slices pineapple ']",Omnivorous
Farro Summer Salad,"['whole grain farro', 'low-sodium chicken broth or water', 'corn on the cob', 'zucchini', 'arugula', 'small granny smith apples', 'parmesan cheese ', 'lemon juice', 'olive oil', 'Dijon mustard', 'honey', 'salt and black pepper']",Omnivorous
Hawaiian Macaroni Salad,"['chickpea macaroni noodles', 'can pineapple tidbits', 'red bell pepper', 'celery', 'red onion', 'green onions', 'non-fat Greek yogurt', 'light mayonaise', 'apple cider vinegar ', 'honey', 'salt and pepper']",Vegetarian
Protein Banana Bread,"['mashed overripe bananas', 'plain non-fat greek yogurt', 'unsweetened applesauce', 'honey', 'large eggs', 'pure vanilla extract', 'whole wheat flour', 'baking powder', 'baking soda', 'salt', 'ground cinnamon', 'walnuts', 'dark chocolate chips', 'blueberries']",Vegetarian
Dill Pickle Pasta Salad,"['chickpea pasta', 'plain non-fat Greek yogurt', 'low-fat mayonnaise', 'pickle juice', 'dried dill', 'salt and black pepper', 'dill pickles ', 'red bell peppers', 'red onion', 'celery']",Vegetarian
Crockpot French Onion Chicken,"['skinless boneless chicken breast', 'sweet onions', 'condensed French onion soup', 'low sodium beef broth', 'Worcestershire sauce', 'Swiss or Gruyere cheese', 'garlic powder', 'salt and pepper', 'non-fat Greek yogurt', 'additional cheese', 'fresh thyme or parsley ']",Omnivorous
Low Carb Lemon Granola,"['lemon', 'lemon zest']",Vegan
Philly Cheesesteak Sloppy Joes,"['lean ground beef', 'onion', 'green bell pepper ', 'Baby Bella mushrooms', 'garlic', 'salt', 'fresh ground black pepper', 'beef broth', 'ketchup', 'Worcestershire sauce', 'arrowroot powder (or cornstarch)', 'thin sliced Provolone cheese', 'Brioche hamburger buns']",Omnivorous
Greek Yogurt Potato Salad,"['petite gold potatoes', 'non-fat plain 0% Greek yogurt', 'dijon mustard', 'apple cider vinegar ', 'olive oil', 'celery seed', 'garlic', 'fresh chives', 'dried dill', 'dill pickles ', 'dill pickle juice', 'red onion ', 'salt and pepper']",Vegetarian
Taco Pie,"['lean ground turkey', 'green chiles', 'canned corn', 'black beans', 'mild red enchilada sauce', 'Mission Balance flour tortillas', 'Monterey Jack cheese', 'cheddar cheese', 'salt', 'onion powder', 'garlic powder', 'smoked paprika', 'chili powder', 'ground cumin', 'water']",Omnivorous
Buffalo Chicken Pasta,"['boneless skinless chicken breast', 'Barilla Protein Plus Penne', 'oil', 'minced garlic', 'chicken broth', 'fat-free half and half', 'shredded parmesan cheese', 'onion powder', 'salt', 'fresh cracked pepper', ""buffalo hot sauce (such as Frank's Red Hot)"", 'arrowroot powder', 'water', 'non-fat plain Greek yogurt', 'crumbled blue cheese', 'green onions']",Omnivorous
Broccoli Crunch Salad,"['broccoli florets', 'carrots', 'dried cranberries', 'sunflower seeds', 'red onion', 'honeycrisp apple', 'non-fat plain Greek yogurt', 'apple cider vinegar', 'honey', 'lemon juice', 'salt and pepper']",Vegetarian
Honey Garlic Wings,"['chicken wings (drums and wingettes)', 'salt and pepper', 'olive oil', 'honey', 'garlic', 'apple cider vinegar', 'red pepper flakes', 'arrowroot powder', 'water']",Omnivorous
White Cheddar Mac and Cheese,"['chickpea cavatappi noodles', 'yellow onion', 'garlic', 'low-fat milk', 'low-fat cottage cheese', 'all-purpose flour', 'white cheddar cheese', 'salt and pepper', 'fresh parsley']",Vegetarian
S’mores Granola,['semi-sweet chocolate chips'],Vegan
French Onion Chicken,"['boneless skinless chicken breasts', 'salt and pepper', 'olive oil', 'yellow onion', 'water', 'garlic', 'fresh thyme leaves', 'low sodium beef broth (certified GF, if needed)', 'Gruyere cheese', 'parmesan cheese']",Omnivorous
Vanilla Granola,"['salt', 'vanilla extract']",Vegan
Protein Berry Cobbler,"['fresh raspberries', 'fresh blueberries', 'chopped strawberries', 'lemon juice', 'Stevia in the Raw', 'arrowroot powder', 'Almond Flour', 'Stevia in the Raw', 'ground cinnamon', 'coconut oil ', 'unsweetened vanilla almond milk ']",Vegetarian
Chewy Chocolate Protein Granola Bars,"['Almond Flour', 'Granulated Sweetener ', 'salt ', 'Natural Peanut Butter', 'Unsweetened Vanilla Almond Milk', 'Vanilla Extract', 'Mini Chocolate Chips']",Vegetarian
Chewy S’mores Granola Protein Bars,"['Granulated Sweetened', 'salt', 'Natural Peanut Butter', 'Unsweetend Vanilla Almond Milk', 'Vanilla Extract ', 'Mini Chocolate Chips', 'Mini Marshmallows ', 'graham cracker sheet ']",Vegetarian
Corn Casserole with Green Chiles,"['whole kernel corn', 'chopped green chilies', 'low-fat 2% milk', '1/3 less fat cream cheese', 'unsalted butter', 'reduced fat sharp cheddar cheese', 'Monterey Jack cheese', 'salt', 'black pepper', 'whole grain Triscuit crackers']",Vegetarian
Air Fryer Southwest Egg Rolls,"['lean ground turkey', 'salt', 'onion powder', 'garlic powder', 'paprika', 'chili powder', 'cumin', 'water', 'canned corn', 'black beans', 'frozen spinach', 'Monterey Jack cheese', '1/3 less fat cream cheese', 'egg roll wrappers', 'non-fat plain Greek yogurt', 'salsa', 'fresh cilantro']",Omnivorous
Mississippi Chicken Casserole Recipe,"['boneless, skinless chicken breasts', 'yellow onion', 'garlic', 'non-fat plain Greek yogurt', '2% low-fat milk', 'unsalted butter', 'shredded Monterey Jack cheese', 'uncooked wide egg noodles', 'bag frozen mixed veggies (corn, peas, carrots, green beans) or any of your choice', 'jar of pepperoncini (mild heat)', 'homemade ranch seasoning (see below)', 'dried parsley', 'dried dill', 'garlic powder', 'onion powder', 'salt', 'fresh cracked pepper', 'dried chives', 'low-sodium chicken broth', 'low-fat 2% milk', 'all-purpose flour', 'poultry seasoning', 'salt and pepper ']",Omnivorous
Homemade Choco Taco Recipe,"['PEScience Pancake and Waffle Mix', 'milk', 'water', 'liquid egg whites ', 'mini semi-sweet chocolate chips', 'coconut oil', 'Breyers Carb Smart Vanilla Ice Cream']",Vegetarian
Fudgesicle Recipe,"['ripe bananas', 'honey', 'unsweetened cocoa powder', 'Fairlife 2% milk']",Vegetarian
Thai Curry Pizza Recipe,"['Mission Carb Balance flour tortilla', 'cooked and shredded chicken breast', 'salt', 'part-skim low moisture mozzarella cheese', 'non-fat plain Greek yogurt', 'red curry paste', 'shredded carrots', 'fresh cilantro', 'bean sprouts']",Omnivorous
Easy Cookies and Cream Protein Shake,"['unsweetened Vanilla almond milk', 'Oreo thin cookies', 'additional oreo cookies', 'whipped cream', 'chocolate syrup', 'vanilla ice cream', 'mint extract or mint Oreos', 'cocoa powder', 'xanthan gum ']",Vegetarian
Air Fryer Tortilla Pizza,"['Mission Carb Balance flour tortilla ', 'marinara sauce ', 'part skim low moisture mozzarella cheese', 'turkey pepperoni ', 'Mission Carb Balance flour tortilla ', 'marinara sauce ', 'part-skim low moisture mozzarella cheese', 'turkey pepperoni ', 'green bell peppers', 'onion', 'black olives ', 'Mission Carb Balance flour tortilla ', 'oil-free pesto (more if desired)', 'part-skim low-moisture mozzarella cheese', 'proscuitto ', 'thinly sliced peaches', 'fresh arugula ', 'hot honey ', 'parmesean cheese', 'red pepper flakes ']",Omnivorous
Key Lime Pie Bars,"['graham cracker', 'coconut oil', 'key lime juice', 'lime zest', 'liquid egg whites', 'fat-free sweetened condensed milk', 'non-fat plain Greek yogurt', 'whipped cream, sugar-free cool whip or vanilla yogurt', 'lime zest', 'lime wedge']",Vegetarian
Chicken and Waffle Casserole,"['Kodiak Cakes Buttermilk and Vanilla Power Waffles', 'Tyson Air Fried Crispy Chicken Nuggets', 'salt', 'fresh cracked pepper', 'honey', 'eggs', 'liquid egg whites', 'low fat 2% milk', 'mild cheddar cheese', 'Monterey jack cheese', 'green onion', 'fresh chives', 'maple syrup', 'green onions', 'jalapeños ']",Omnivorous
Instant Pot Turkey Chili,"['lean ground turkey ', 'olive oil', 'medium yellow onion', 'garlic', 'Great Northern beans, rinsed and drained ', 'chopped green chilis', 'Rotel Original Diced Tomatoes and Green Chilies', 'ground cumin', 'dried oregeno ', 'salt', 'fresh cracked pepper', 'low-sodium chicken broth', 'corn (frozen, fresh, or canned)', 'fat-free half and half', 'arrowroot powder', 'shredded cheddar cheese', 'chopped fresh chives', 'diced avocado', 'Greek yogurt or sour cream', 'lime wedges', 'hot sauce', 'sliced jalapeño ', 'tortilla chips']",Omnivorous
Applesauce Muffins,"['whole wheat flour', 'brown sugar', 'PE Science Gourmet Vanilla Protein Powder', 'baking soda', 'baking powder', 'salt', 'ground cinnamon', 'ground nutmeg', 'unsweetened apple sauce', 'non-fat plain Greek yogurt ', 'Lemoncello Cocoa Bar in a Jar', 'eggs', 'pure vanilla extract', 'rolled oats ', 'cinnamon sugar']",Vegetarian
Air Fryer Pizza Bagels,"['non-fat plain Greek yogurt', 'self-rising flour', 'liquid egg whites', 'pinch of salt', 'marinara or pizza sauce', 'part-skim low moisture cheese', 'turkey pepperoni']",Omnivorous
Chicken Piccata (Gluten-Free),"['boneless skinless chicken breast', 'salt', 'fresh cracked pepper', ""Bob's Red Mill 1:1 Gluten-Free Flour"", 'olive oil', 'butter', 'garlic ', 'lemon', 'low-sodium chicken broth', 'capers', 'fresh parsley ']",Omnivorous
Instant Pot Chicken Gnocchi Soup,"['olive oil', 'lean ground chicken', 'yellow onion', 'carrots', 'celery', 'garlic', 'salt', 'pepper', 'dried basil', 'dried oregano', 'paprika ', 'low sodium chicken broth', 'potato gnocchi', 'fresh spinach', 'frozen peas', 'frozen corn', 'fat-free half-and-half', 'fresh chopped parsley', 'fresh grated Parmesan cheese', 'hot sauce']",Omnivorous
Pumpkin Pie Bliss Balls,"['vanilla protein powder (PEScience)', 'pumpkin puree', 'creamy peanut butter', 'honey', 'pumpkin pie spice', ""Lily's dark chocolate chips"", 'coconut oil', 'flakey sea salt', 'chopped nuts', 'dried cranberries', 'mini chocolate chips']",Vegan
Raspberry White Chocolate Muffins,"['all-purpose flour', 'baking powder', 'baking soda', 'salt', 'vanilla protein powder (whey-casein blend)', 'light brown sugar', 'unsweetened applesauce ', 'coconut oil, melted', 'eggs', 'fresh raspberries']",Vegetarian
Pumpkin Spice Chocolate Chip Cookies,"['pumpkin puree', 'light brown sugar', 'coconut oil', 'egg', 'all-purpose flour', 'baking soda', 'salt', 'cinnamon', 'ground cloves', ""Lily's Dark Chocolate Chips""]",Vegan
Sweet Potato Casserole,"['sweet potatoes (4-5 potatoes)', 'butter or coconut oil', 'almond milk', 'eggs', 'honey', 'pure vanilla extract', 'salt', 'ground cinnamon', 'ground nutmeg', 'chopped walnuts', 'honey', 'ground cinnamon', 'salt']",Vegetarian
Caprese Focaccia,"['self-rising flour', 'plain non-fat Greek yogurt', 'olive oil', 'fresh mozzarella cheese', 'cherry tomatoes', 'fresh basil leaves', 'fresh rosemary', 'flaky sea salt', 'fresh cracked black pepper']",Vegetarian
Lemon Poppy Seed Muffins,"['all-purpose flour', 'baking powder', 'baking soda', 'salt', 'Vanilla Protein Powder (whey-casein blend) ', 'light brown sugar', 'unsweetened apple sauce', 'coconut oil', 'eggs', 'zest of 2 lemons', 'juice of 1 lemon', 'poppy seeds']",Vegetarian
Protein Pumpkin Bread,"['pumpkin puree', 'plain non-fat Greek yogurt ', 'unsweetened applesauce ', 'honey', 'eggs', 'pure vanilla extract', 'whole wheat flour', 'baking powder', 'baking soda', 'salt', 'pumpkin pie spice', 'dark chocolate chip morsels']",Vegetarian
Teriyaki Salmon Bowls,"['salmon filet', 'garlic', 'ground ginger', 'water', 'rice vinegar', 'arrowroot starch', 'water', 'edamame', 'shredded carrots', 'chopped cucumber', 'bean sprouts', 'avocado', 'green onions', 'Everything But The Bagel Seasoning', 'red pepper flakes', 'Seaweed crisps']",Omnivorous
Mini Pumpkin Pie Cheesecakes,"['vanilla wafer cookies ', 'pumpkin pie spice ', 'salted butter', '1/3 less fat cream cheese', 'dark brown sugar', 'pumpkin puree', 'pumpkin pie spice ', 'all-purpose flour ', 'egg', 'Whipped topping', 'pumpkin pie spice', 'caramel sauce ', 'maple syrup ']",Vegetarian
Pumpkin Pie with Graham Cracker Crust,"['finely crushed graham crackers', 'granulated sugar', 'coconut oil', 'salt', 'pumpkin puree', 'granulated sugar', 'ground cinnamon', 'ground ginger', 'ground cloves', 'ground nutmeg', 'salt', 'eggs', 'heavy cream']",Vegetarian
Cajun Meatball Stew,"['smoked paprika', 'salt', 'garlic powder', 'onion powder', 'dried oregano', 'cayenne pepper', 'fresh ground black pepper', 'lean ground chicken', 'Italian breadcrumbs', 'egg', 'garlic', 'Cajun seasoning', 'olive oil', 'olive oil', 'yellow onion', 'celery', 'garlic', 'carrots', 'low sodium beef broth', 'diced tomatoes', 'russet potatoes', 'bay leaves', 'Cajun seasoning', 'salt and pepper', 'fresh parsley']",Omnivorous
Kitchen Sink Cookies,"['baking powder', 'ground cinnamon', 'coconut oil', 'egg', 'unsweetened applesauce ', 'honey', 'vanilla extract', 'semi-sweet chocolate chips', ""m&m's"", 'pretzel pieces ']",Vegan
Air Fryer Butternut Squash,"['large butternut squash', 'olive oil', 'cinnamon', 'garlic powder', 'salt', 'brown sugar or sugar replacement ']",Vegan
Protein French Toast Sticks,"['Brioche bread ', 'liquid egg whites', 'unsweetened vanilla almond milk', 'vanilla protein powder (31g)', 'pumpkin pie spice ', 'sugar', 'pumpkin pie spice ', 'powdered sugar', 'maple syrup ', 'peanut butter', 'chocolate sauce ']",Vegetarian
Pumpkin Pudding,"['sugar-free vanilla instant pudding mix', 'cold unsweetened almond milk ', 'pumpkin puree', 'zero sugar Cool Whip', 'light brown sugar', 'ground cinnamon', 'ground ginger', 'ground cloves']",Vegetarian
5 Layer Dip,"['fat-free refried beans', 'Wholly Guacamole', 'non-fat Greek yogurt', 'shredded Mexican cheese blend', 'fresh pico de gallo', 'salt', 'onion powder', 'garlic powder', 'paprika', 'chili powder', 'ground cumin']",Vegetarian
Pumpkin Banana Cookies,"['light brown sugar', 'white sugar', 'unsalted butter', 'pumpkin puree', 'vanilla extract', 'mashed banana', 'all-purpose flour', 'cinnamon', 'pumpkin spice', 'baking soda', 'salt', 'Semi sweet chocolate chips']",Vegan
Greek Yogurt Brownies,"['butter', 'granulated sugar', 'eggs', 'vanilla extract', 'unsweetened cocoa powder', 'Greek yogurt', 'all-purpose flour', 'salt', 'baking powder', 'semi-sweet or dark chocolate chunks']",Vegetarian
Banana Peanut Butter Chocolate Chip Cookies,"['light brown sugar', 'sugar', 'unsalted butter', 'creamy peanut butter', 'vanilla extract', 'mashed banana', 'all-purpose flour', 'cinnamon', 'baking soda', 'salt', 'Semi sweet chocolate chips']",Vegan
Pumpkin Mini Donuts,"['Spice Cake Mix', '100% pure pumpkin puree', 'light brown sugar', 'pumpkin pie spice', 'butter', 'powdered sugar', 'pumpkin pie spice', 'milk']",Vegetarian
Lemon White Chocolate Cookies,"['light brown sugar', 'sugar', 'butter MELTED!', 'zest of one lemon', 'juice of one lemon', 'vanilla extract', 'all-purpose flour', 'baking soda', 'salt']",Vegan
Pumpkin Popsicles,"['sugar-free vanilla instant pudding mix', 'cold unsweetened almond milk ', 'pumpkin puree', 'zero sugar Cool Whip', 'light brown sugar', 'ground cinnamon', 'ground ginger', 'ground cloves']",Vegetarian
Crab Spinach Artichoke Dip,"['low-fat cottage cheese', 'non-fat Greek yogurt', 'light mayoniase', 'garlic', 'lemon juice', 'salt', 'black pepper or fresh cracked pepper', 'crushed red pepper flakes', 'frozen spinach', 'jarred artichoke hearts', 'parmesan cheese', 'Monterey Jack cheese', 'green onions', 'fresh parsley ', 'dash of hot sauce']",Vegetarian
Cranberry Jalapeno Dip,"['low-fat cottage cheese', 'non-fat Greek yogurt', '1/3 less fat cream cheese', 'fresh cranberries', 'jalapeños ', 'red onion', 'fresh cilantro', 'juice and zest of one lime', 'honey or agave', 'salt and pepper ']",Vegetarian
Ground Beef Stir Fry,"['lean ground beef', 'red bell pepper', 'matchstick carrots', 'snow peas', 'zucchini', 'baby Bella mushrooms', 'rice vinegar', 'honey', 'freshly grated ginger', 'garlic', 'sesame oil', 'arrowroot powder', 'sliced green onions', 'red pepper flakes', 'sesame seeds']",Omnivorous
Protein French Toast,"['Brioche bread ', 'liquid egg whites', 'unsweetened vanilla almond milk', 'vanilla protein powder (31g)', 'ground cinnamon ', 'ground nutmeg', 'powdered sugar or sugar replacement ', 'maple syrup ', 'peanut butter', 'chocolate sauce ', 'fresh fruit']",Vegetarian
Creamy Coconut Shrimp Curry,"['large shrimp, peeled and deveined', 'green curry paste, store bought', 'lite coconut milk', 'fat-free half and half', 'corn, canned or fresh', 'broccoli florets', 'baby carrots', 'red bell pepper']",Omnivorous
Oreo Chocolate Chip Cookies,"['unsalted butter', 'granulated sugar', 'brown sugar', 'reduced fat cream cheese', 'egg', 'vanilla extract', 'all-purpose flour', 'baking soda', 'salt', 'ground cinnamon', 'oreo cookies', ""Lily's white chocolate chips (or any brand)""]",Vegetarian
Biscoff Cookie Truffles,"['biscoff cookie crumbs', 'cookie butter', 'honey', 'almond milk', 'melted dark chocolate ', 'coconut oil']",Vegetarian
Cajun Steak Bites,"['top sirloin', 'cajun seasoning ', 'butter', 'smoked paprika', 'salt', 'garlic powder', 'onion powder', 'dried oregeno', 'cayenne pepper', 'fresh ground black pepper']",Vegan
Chocolate Cool Whip Cookies,"['Triple Chocolate Fudge Cake Mix', 'Zero Sugar Cool Whip', 'unsweetened applesauce ', 'powdered sugar']",Vegan
Cajun Chicken and Broccoli Alfredo,"['boneless skinless chicken breasts', 'cajun seasoning', 'olive oil', 'red bell pepper', 'orange bell pepper', 'yellow bell pepper', 'broccoli florets ', 'yellow onion', 'garlic', 'Barilla Protein Plus Pasta Spaghetti', 'fat free half and half', 'low sodium chicken broth', 'Cajun seasoning', 'salt', 'fresh cracked pepper', 'zucchini ', 'Parmesan Romano Cheese blend, shredded', 'smoked paprika', 'salt', 'garlic powder', 'onion powder', 'dried oregano ', 'cayenne pepper', 'fresh ground black pepper', 'fresh parsley', 'shredded parmesan cheese']",Omnivorous
Homemade Taco Seasoning,"['salt', 'onion powder', 'garlic powder', 'smoked paprika', 'chili powder', 'ground cumin']",Vegan
Double Peanut Butter Cookies,"['unsalted butter', 'granulated sugar (or sugar replacement)', 'brown sugar (or sugar replacement)', 'peanut butter', 'egg', 'vanilla extract', 'all-purpose flour', 'baking soda', 'salt', 'ground cinnamon', ""Lily's peanut butter chips (or any brand)""]",Vegan
Key Lime Pie Cookies,"['light brown sugar (or sugar substitie) ', 'sugar (or sugar substitute) ', 'unsalted butter', 'zest ', 'limes, juiced', 'reduced fat cream cheese', 'all-purpose flour', 'baking soda', 'salt', ""LIly's white chocolate chips (any brand)"", 'lime zest on top']",Vegetarian
Chocolate Chip Cookies,"['unsalted butter', 'granulated sugar (or sugar substitute) ', 'brown sugar (or sugar substitute) ', 'egg', 'vanilla extract', 'all-purpose flour', 'baking soda', 'salt', 'ground cinnamon', 'semi-sweet chocolate chips']",Vegan
Chocolate Baked Oats,"['old fashioned rolled oats', 'cocoa powder', 'chocolate protein powder', 'baking powder', 'salt', 'unsweetened vanilla almond milk', 'unsweetened applesauce', 'egg', 'vanilla extract', 'semi sweet chocolate chips']",Vegetarian
Mediterranean Chicken Meatball Bowls,"['Italian breadcrumbs', 'parsley', 'onion', 'garlic', 'dried oregano', 'ground cumin', 'salt', 'black pepper ', '2% plain Greek yogurt', 'cucumber', 'garlic', 'lemon juice', 'fresh dill, finely chopped', 'olive oil', 'salt and pepper', 'cucumber', 'cherry tomatoes', 'red onion', 'pitted kalamata olives ', 'fat-free feta cheese', 'olive oil', 'lemon juice', 'balsamic vinegar', 'pinch of salt', 'cooked brown rice', 'romaine lettuce']",Vegetarian
Homemade Cajun Seasoning,"['smoked paprika', 'salt', 'garlic powder', 'onion powder', 'dried oregano', 'cayenne pepper', 'black pepper']",Vegan
Ham and Pineapple Fried Rice,"['uncooked jasmine Minute Rice', 'frozen riced cauliflower', 'garlic', 'pre cooked diced ham', 'pineapple chunks', 'red bell pepper', 'frozen peas', 'eggs', 'fresh cracked pepper']",Vegetarian
Instant Pot Short Ribs,"['beef short ribs, bone-in', 'olive oil', 'light brown sugar', 'garlic powder', 'onion powder', 'smoked paprika', 'salt', 'fresh cracked black pepper', 'reduced-sodium beef broth', 'hoisin sauce', 'light brown sugar', 'honey', 'garlic', 'ginger', 'sesame oil', 'rice vinegar', 'cornstarch or arrowroot (use more if needed)', 'water', 'chili paste or sriracha, for heat', 'green onions', 'toasted sesame seeds', 'red pepper flakes']",Vegan
Greek Yogurt Beef Stroganoff,"['beef sirloin or beef tenderloin', 'olive oil', 'yellow onion', 'garlic', 'baby Bella mushrooms', 'salt', 'black pepper', 'dijon mustard', 'all-purpose flour', 'beef broth', '2% plain Greek yogurt', 'Worcestershire sauce', 'smoked paprika', 'fresh parsley', 'egg noodles', 'salt and pepper, to taste']",Vegetarian
Big Mac Bowls,"['lean ground beef', 'onion', 'yellow mustard', 'garlic powder', 'onion powder', 'salt and black pepper', 'light mayonnaise ', 'ketchup', 'dill pickles', 'pickle juice', 'shredded iceberg lettuce ', 'shredded cheddar cheese', 'chopped white onion', 'pickles', 'chopped red onion', 'chopped tomato', 'side of fries']",Omnivorous
Oatmeal Cookies without Eggs,"['light brown sugar', 'granulated sugar', 'unsalted butter', 'unsweetened applesauce', 'vanilla extract', 'all-purpose flour', 'old-fashioned rolled oats', 'ground cinnamon', 'baking soda', 'salt']",Vegan
Strawberry Baked Oatmeal,"['vanilla protein powder, PEScience ', 'baking powder', 'salt', 'lite pancake syrup (or pure maple syrup or honey)', 'vanilla', 'eggs', 'unsweetened vanilla almond milk (dairy or plant-based)', 'fresh or frozen strawberries']",Vegetarian
Air Fryer Twice Baked Potatoes,"['russet potatoes ', 'olive oil spray', '0% plain Greek yogurt', 'shredded cheddar cheese', 'turkey bacon', 'butter']",Omnivorous
High Protein Yogurt Bowls,"['non-fat plain Greek Yogurt', 'vanilla protein powder', 'mixed berries', 'non-fat plain Greek yogurt', 'vanilla protein powder', 'mango', 'pineapple', 'shredded coconut', 'sliced almonds', 'non-fat plain Greek yogurt', 'chocolate protein powder', 'lite maple syrup', 'sliced strawberries', 'shredded coconut', 'chocolate chips', 'creamy peanut butter', 'non-fat plain Greek yogurt', 'vanilla protein powder', 'unsweetened applesauce', 'ground cinnamon', 'apple, thinly sliced or chopped', 'chia seeds']",Vegetarian
Shredded Chicken,"['boneless skinless chicken breast ', 'water ']",Omnivorous
Protein Pancakes without Protein Powder,"['oat flour', 'liquid egg whites', 'honey', 'vanilla extract', 'cinnamon', 'PBFit Powdered Peanut Butter', 'honey', 'water']",Vegan
Homemade Maple Chicken Sausage,"['lean ground chicken', 'salt', 'black pepper', 'garlic powder', 'cayenne pepper', 'paprika', 'maple syrup or sugar-free syrup', 'olive oil']",Omnivorous
Chocolate Protein Smoothie,"['non-fat Greek yogurt', 'unsweetened vanilla almond milk', 'chocolate protein powder', 'cocoa powder', 'honey', 'chocolate chips or shaved chocolate ', 'whipped cream', 'chocolate syrup ']",Vegetarian
Peppermint Cheesecakes,"['oreo cookies', 'coconut oil', 'less fat cream cheese', 'granulated sugar', 'vanilla extract', 'peppermint extract', 'all-purpose flour', 'egg', 'whipped cream', 'crushed oreo cookies', 'crushed peppermints ']",Vegetarian
Eggnog Cheesecakes,"['graham crackers', 'coconut oil or butter', 'ground nutmeg', 'less fat cream cheese', 'granulated sugar', 'eggnog ', 'all-purpose flour', 'vanilla extract ', 'ground nutmeg', 'egg', 'whipped topping', 'ground cinnamon ']",Vegetarian
Egg White Bites,"['bell pepper', 'spinach', 'liquid egg whites', 'low-fat cottage cheese', 'shredded gruyere cheese']",Vegetarian
Honey Garlic Lemon Pepper Chicken Thighs,"['boneless skinless chicken thighs', 'garlic', 'honey', 'zest of one lemon', 'juice of one large lemon', 'freshly ground black pepper', 'salt', 'olive oil', 'fresh chopped parsley ', 'fresh cracked pepper ', 'lemon wedges']",Omnivorous
Big Mac Sauce,"['light mayonnaise', 'ketchup', 'dill pickles ', 'pickle juice']",Vegan
Chicken Lettuce Wraps with Peanut Sauce,"['lean ground chicken ', 'PB2 powdered peanut butter', 'water', 'ground cinnamon', 'red curry paste', 'garlic', 'red pepper flakes', 'living butter lettuce', 'bell peppers', 'carrots', 'cucumber', 'chopped peanuts', 'green onions', 'limes']",Omnivorous
Non-Alcoholic Moscow Mule,"['Light Ginger Beer ', 'fresh lime juice', 'fresh mint leaves', 'fresh lime wedge', 'mint leaves', 'fresh strawberries', 'jalapeno lime syrup', 'cranberry juice', 'Apple Cider', 'Orange juice and slices ']",Vegan
Coffee Mocktail,"['instant espresso powder', 'cold water', 'freshly squeezed orange juice ', 'maple syrup', 'vanilla extract', 'plain selzter ', 'Ice', 'Orange Slice']",Vegan
White Sangria Mocktail,"['white grape juice', 'freshly squeezed lemon juice', 'sliced strawberries', 'lemons', 'orange', 'plain sparkling water', 'Ice']",Vegan
Funfetti Cake Mix Donuts,"['vanilla Greek yogurt ', 'water', 'Vanilla Frosting', 'rainbow sprinkles']",Vegetarian
Mini Strawberry Cheesecakes,"['graham crackers', 'coconut oil or butter', '1/3 less fat cream cheese', 'granulated sugar', 'all-purpose flour', 'vanilla extract', 'egg', 'sugar free strawberry jam', 'sugar free strawberry jam', 'fresh sliced strawberries']",Vegetarian
Cottage Cheese Lasagna,"['olive oil', 'garlic', 'yellow onion', 'lean ground beef', 'oregano ', 'Italian seasoning', 'paprika', 'chili powder', 'salt', 'black pepper or fresh cracked', 'jar of marinara sauce ', 'low fat small curd cottage cheese', 'eggs', 'parmesan cheese', 'oregano', 'Italian seasoning', 'salt', 'fresh cracked pepper or pinch of black pepper', 'frozen spinach', 'oven ready lasagna noodles', 'low moisture mozzarella cheese']",Omnivorous
Peanut Butter Syrup,"['PBFit Powdered Peanut Butter', 'honey', 'water*']",Vegan
Oatmeal Breakfast Cookies,"['old-fashioned rolled oats', 'whole wheat flour', 'baking powder', 'cinnamon', 'pinch of salt', 'honey or pure maple syrup', 'light brown sugar', 'unsweetened applesauce ', 'egg', 'coconut oil', 'vanilla extract', 'chia seeds', 'semi sweet chocolate chips', 'raisins or dried cranberries', 'chopped nuts']",Vegan
Big Mac Sloppy Joes,"['yellow onion', 'lean ground beef', 'yellow mustard', 'garlic powder', 'onion powder', 'salt', 'fresh cracked black pepper', 'beef broth', 'corn starch', 'Worcestershire sauce', 'American Cheese', 'Brioche hamburger buns', 'mayonnaise ', 'ketchup', 'dill pickles', 'dill pickle juice']",Omnivorous
Low Calorie Peanut Sauce,"['PB2 powdered peanut butter', 'water', 'ground cinnamon', 'red curry paste', 'garlic', 'red pepper flakes. ']",Vegan
Banana Snickers,"['bananas', 'unsweetened vanilla almond milk', 'vanilla extract', 'salt', 'creamy peanut butter', 'roasted salted peanuts', 'chocolate chips', 'coconut oil']",Vegetarian
Protein Waffles,"['old-fashioned oats (or oat flour)', 'egg whites¼', 'unsweetened vanilla almond milk', 'honey', 'baking powder', 'salt']",Vegetarian
Carrot Cake Baked Oats,"['baking powder', 'ground cinnamon', 'ginger', 'nutmeg', 'cloves', 'salt', 'honey (or syrup of choice) ', 'vanilla extract', 'eggs', 'unsweetened vanilla almond milk (dairy or plant-based is fine)', 'coconut oil (melted)', 'finely grated carrot', 'chopped pecans', 'raisins ', 'plain greek yogurt', 'honey']",Vegetarian
M&M Cookie Bars,"['unsalted butter', 'granulated sugar (or sugar substitute)', 'light brown sugar (or sugar substitute)', 'egg', 'vanilla extract', 'all-purpose flour', 'baking soda', 'salt', 'ground cinnamon', ""Valentine's m&ms (or any m&m)"", 'sprinkles (using Wilton pink, red and white)']",Vegan
Greek Yogurt Banana Bread,"['ripe mashed bananas', 'unsweetened applesauce ', 'honey', 'light brown sugar', 'egg', 'vanilla extract', 'whole wheat flour', 'baking soda', 'salt', 'ground cinnamon', 'semi-sweet chocolate chips']",Vegan
Hibachi Bowls,"['boneless skinless chicken breasts', 'garlic', 'hoisin sauce', 'ginger paste', 'salt and black pepper', 'olive oil', 'olive oil', 'zucchini', 'sliced crimini mushrooms', 'carrot chips', 'salt and black pepper', 'Jasmine Minute Rice', 'water', 'frozen riced cauliflower', 'dijon mustard', 'eggs', 'salt', 'black pepper', 'green onions', 'spicy mustard', 'toasted sesame seeds', 'red pepper flakes', 'chopped green onions', 'extra coconut aminos']",Omnivorous
Air Fryer Chicken Cutlets,"['boneless skinless chicken breast', 'breadcrumbs', 'parmesan cheese', 'garlic powder', 'onion powder', 'dried oregano', 'dried basil', 'smoked paprika', 'salt and black pepper', 'eggs', 'olive oil spray', 'fresh parsley (optional)']",Omnivorous
Buffalo Chicken Lasagna,"['olive oil', 'garlic', 'yellow onion', 'carrots', 'celery', 'shredded chicken breast ', 'buffalo sauce', 'marinara sauce', 'low-fat small curd cottage cheese', 'eggs', 'parmesan cheese', 'Dry ranch seasoning', 'fresh cracked pepper or pinch of black pepper', 'oven-ready lasagna noodles', 'low-moisture mozzarella cheese', 'dried parsley', 'dried dill', 'garlic powder', 'onion powder', 'salt', 'fresh cracked pepper', 'dried chives']",Omnivorous
Healthy Blueberry Lemon Muffins,"['all-purpose flour', 'whole-wheat flour', 'baking powder', 'baking soda', 'salt', 'lemon zest', 'fresh lemon juice ', 'non-fat plain Greek yogurt', 'eggs', 'honey', 'vanilla extract', 'olive oil', 'fresh blueberries']",Vegetarian
Bacon and Mushroom Quiche,"['pie crust', 'cremini mushrooms', 'garlic', 'liquid egg whites', 'low fat milk', 'mozzarella cheese, shredded', 'salt and black pepper ']",Vegetarian
No Bake Cheesecake Cups,"['plain Greek yogurt (2%)', '1/3 less fat cream cheese', 'honey', 'light brown sugar', 'vanilla extract', 'lemon juice', 'butter']",Vegetarian
Sugar-Free BBQ Sauce,"['tomato sauce', 'water', 'honey', 'apple cider vinegar', 'balsamic vinegar', 'hickory liquid smoke', 'paprika', 'garlic powder', 'onion powder', 'chili powder', 'sea salt', 'fresh cracked black pepper', 'arrowroot powder (or cornstarch)', 'water']",Vegan
BBQ Bacon Burgers,"['burger patties', 'burger seasoning', 'thin cut cheddar cheese', 'lettuce', 'tomato', 'onion', 'pickles', 'sprouts', 'tomato sauce ', 'water', 'honey', 'apple cider vinegar ', 'balsamic vinegar', 'hickory liquid smoke', 'paprika', 'garlic powder', 'onion powder', 'chili powder', 'salt', 'fresh cracked pepper', 'arrowroot powder', 'water']",Vegetarian
Pancake Tacos,"['oat flour', 'non-fat plain Greek yogurt', 'liquid egg whites', 'honey', 'vanilla extract', 'cinnamon', 'liquid egg whites', 'eggs', 'water', 'salt and black pepper', 'turkey bacon', 'shredded cheddar cheese']",Omnivorous
Dry Rubbed Wings,"['wings (drumlettes and winglettes)', 'baking powder', 'Cajun seasoning', 'smoked paprika', 'salt', 'garlic powder', 'onion powder', 'dried oregano ', 'cayenne pepper', 'black pepper']",Vegan
Dairy Free Ranch Seasoning,"['dried parsley', 'dried dill', 'garlic powder', 'onion powder', 'dried chives', 'salt', 'fresh cracked black pepper']",Vegan
Chocolate Chipless Cookies,"['unsalted butter', 'granulated sugar (or sugar substitute)', 'light brown sugar (or sugar substitute)', 'egg', 'pure vanilla extract', 'all-purpose flour', 'baking soda', 'baking powder ', 'pinch of salt ', 'ground cinnamon (1/4-1/2 tsp. if you like heavy cinnamon)']",Vegan
Big Mac Wrap,"['frozen burger patties ', 'burger seasoning', 'thin-cut cheddar cheese', 'light mayonnaise ', 'ketchup ', 'dill pickles', 'pickle juice', 'Soft Taco Flour Tortilla', 'white onion', 'dill pickle rounds']",Vegetarian
Cottage Cheese Dessert Bowl,"['low-fat cottage cheese (Good Culture for best flavor)', 'Oikos Triple Zero Mixed Berry Yogurt', 'sugar free vanilla pudding cup', 'sliced fresh strawberries', 'granola', 'low-fat cottage cheese (Good Culture for best flavor)', 'Oikos Triple Zero Banana Yogurt ', 'sugar free vanilla pudding cup', 'crushed vanilla wafers', 'sliced bananas ', 'low-fat cottage cheese (Good Culture for best flavor)', 'Oikos Triple Zero Vanilla Yogurt', 'sugar free vanilla pudding cup', 'lime juice, to taste', 'shredded sweetened coconut', 'crushed vanilla wafers or graham crackers ', 'lime, for serving ', 'low-fat cottage cheese (Good Culture for best flavor)', 'Oikos Triple Zero Mixed Berry Yogurt', 'sugar free vanilla pudding cup', 'sliced strawberries', 'crushed graham crackers ', 'low-fat cottage cheese (Good Culture for best flavor)', 'Oikos Triple Zero Vanilla Yogurt', 'sugar free chocolate pudding cup', 'peanut butter', 'additional peanut butter drizzle', 'crushed graham crackers or granola', 'chocolate chips ']",Vegetarian
Crockpot Chicken Jalapeno Popper Dip,"['less fat cream cheese', 'low fat cottage cheese', 'jalapeños (2 seedless, 2 with seeds)', 'Mexican blend shredded cheese', 'mozzarella cheese low moisture', 'garlic powder', 'salt', 'fresh cracked black pepper', 'boneless skinless chicken breast, raw', 'low sodium chicken broth', 'sliced jalapeños', 'red onions', 'green onions', 'hot sauce']",Omnivorous
Healthy Chocolate Zucchini Muffins,"['shredded zucchini (1 medium zucchini) ', 'all-purpose flour', 'unsweetened cocoa powder', 'baking powder', 'baking soda', 'salt', 'unsweetened apple sauce', 'eggs', 'honey', 'vanilla extract', 'olive oil', 'chocolate chips']",Vegetarian
Jalapeno Popper Shredded Chicken Wraps,"['Tumaro Wraps (or any preferred burrito size wrap)', 'tomatoes', 'red onion', 'green onions', 'lettuce', 'jalapeños ']",Vegan
Salmon Stir Fry,"['salmon filets, skin removed', 'hoisin sauce', 'rice vinegar', 'sesame oil', 'cornstarch', 'olive oil', 'garlic', 'ginger', 'red bell pepper', 'yellow bell pepper', 'julienned carrots', 'snap peas', 'broccoli florets', 'cooked rice or noodles', 'cooked cauliflower rice', 'sesame seeds', 'red pepper flakes', 'sliced green onions']",Omnivorous
Cottage Cheese Ranch Dip,"['low-fat cottage cheese', 'chicken bone broth', 'garlic powder', 'onion powder', 'dried parsley ', 'dried dill', 'salt', 'fresh cracked black pepper']",Omnivorous
Cottage Cheese Spinach Dip,"['low-fat cottage cheese', 'non-fat plain Greek yogurt', 'frozen chopped spinach', 'Knorr Vegetable Recipe Mix', 'water chestnuts', 'green onions', 'garlic powder ', 'salt and black pepper']",Vegetarian
Cottage Cheese Waffles,"['banana', 'cottage cheese (2% or 5%)', 'honey', 'protein powder', 'eggs', 'all-purpose flour', 'milk (dairy or non-dairy)', 'pinch of salt']",Vegetarian
S’mores Cookie Bars,"['unsalted butter', 'granulated sugar (or sugar substitute) ', 'brown sugar (or sugar substitute) ', 'egg', 'vanilla extract ', 'all-purpose flour ', 'baking soda', 'salt', 'ground cinnamon', 'semi-sweet chocolate chips', 'mini marshmallows ', 'chocolate bar ']",Vegan
Dragon Fruit Smoothie Recipe,"['frozen dragon fruit cubes', 'frozen pineapple cubes', 'frozen ripe banana, quartered', 'unsweetened almond milk (or milk of choice)', 'lime juice (juice of 1-2 limes)']",Vegetarian
Chilled Cottage Cheese Queso,"['low-fat cottage cheese', 'freshly shredded pepper jack cheese', 'freshly shredded cheddar cheese', 'sliced black olives ', 'cilantro ', 'red bell pepper', 'pickled jalapeños ', 'hot sauce', 'extra taco seasoning ', 'lime juice', 'green chiles']",Vegetarian
Pistachio Chocolate Coated Dates,"['pitted dates', 'creamy peanut butter ', 'dark chocolate chips ', 'coconut oil', 'pistachios', 'flakey sea salt ']",Vegan
Protein Pudding,"['low-fat cottage cheese', '0% plain greek yogurt', 'chocolate protein powder', 'honey', 'unsweetened cocoa powder']",Vegetarian
Shrimp and Chicken Fried Rice,"['boneless skinless chicken breast, cubed', 'pinch of ground ginger', 'shrimp, peeled and deveined, patted dry', 'pinch of garlic powder', 'olive oil', 'water', 'frozen cauliflower rice, cooked and drained', 'garlic, minced', 'red bell pepper, chopped', 'carrots, chopped', 'frozen green peas', 'eggs', 'green onions, chopped', 'salt and black pepper, to taste']",Omnivorous
Protein Overnight Oats,"['unsweetened vanilla almond milk', 'plain nonfat Greek yogurt', 'vanilla protein powder (PEScience)', 'honey', 'chia seeds', 'unsweetened vanilla almond milk', 'plain nonfat Greek yogurt', 'chocolate protein powder (Pescience)', 'honey ', 'chia seeds', 'unsweetened cocoa powder']",Vegetarian
Strawberry Crunch Cottage Cheese Ice Cream Bars,"['low-fat cottage cheese (Good Culture)', 'honey', 'strawberries ', 'graham crackers', 'coconut oil', 'Golden Oreo Thins', 'freeze-dried strawberries']",Vegetarian
Healthy Blackberry Oatmeal Muffins,"['all-purpose flour', 'whole wheat flour', 'rolled oats', 'baking powder', 'baking soda', 'salt', 'ground cinnamon', 'eggs', 'honey', 'coconut oil, melted', '**fresh blackberries']",Vegetarian
Cottage Cheese Lasagna,"['olive oil', 'garlic', 'yellow onion', 'lean ground beef', 'oregano ', 'Italian seasoning', 'paprika', 'chili powder', 'salt', 'black pepper or fresh cracked', 'jar of marinara sauce ', 'low fat small curd cottage cheese', 'eggs', 'parmesan cheese', 'oregano', 'Italian seasoning', 'salt', 'fresh cracked pepper or pinch of black pepper', 'frozen spinach', 'oven ready lasagna noodles', 'low moisture mozzarella cheese']",Omnivorous
Tropical Cottage Cheese Smoothie,"['low-fat cottage cheese', 'unsweetened vanilla almond milk', 'frozen mango', 'fresh pineapple', 'honey', 'vanilla bean paste']",Vegetarian
Cottage Cheese Egg Salad,"['hard boiled eggs, chopped', 'low-fat cottage cheese', 'honey mustard', 'dill pickles, chopped', 'green onions, chopped', 'paprika, optional', 'salt and black pepper to taste', 'fresh chives, chopped', 'fresh dill, chopped ']",Vegetarian
Chimichurri and Salmon,"['salmon filets', 'Cajun seasoning', 'light brown sugar', 'light brown sugar (for top of fish)', 'fresh cilantro, finely chopped with stems (not end stems)', 'fresh parsley (finely chopped with stems (not end stems)', 'olive oil', 'red wine vinegar', 'agave nectar or honey', 'lemons, juiced', 'garlic, minced', 'tomatoes, finely chopped, with juices', 'red onion, finely sliced and chopped', 'kosher salt', 'fresh cracked black pepper ']",Omnivorous
Meatballs without Eggs,"['lean ground beef, (96/4)', 'lean ground chicken, (99/1)', 'sun-dried tomatoes (not in oil)', 'grated parmesan cheese', 'Italian breadcrumbs', 'milk', 'basil', 'garlic powder', 'onion powder', 'salt', 'fresh cracked black pepper']",Omnivorous
Pumpkin Brownies,"['granulated sugar', 'eggs, room temperature ', 'vanilla extract', 'unsalted butter, melted and cooled', 'unsweetened cocoa powder', 'salt', 'baking soda', 'sugar', 'egg, room temperature ', 'pumpkin puree', 'creamy peanut butter (or almond butter)', 'all-purpose flour', 'salt', 'baking soda', 'pumpkin pie spice']",Vegetarian
Pumpkin Banana Muffins,"['all-purpose flour', 'whole wheat flour', 'baking powder', 'baking soda', 'salt', 'ground cinnamon', 'nutmeg', 'pumpkin puree', 'medium bananas, mashed', 'eggs, room temperature', 'honey', 'vanilla extract']",Vegetarian
Pumpkin Pasta,"['olive oil', 'yellow onion, chopped', 'garlic cloves, minced', 'lean ground beef ', 'salt', 'chipotle chili powder ', 'ground cumin', 'dried rosemary ', 'fresh cracked pepper', 'medium shell pasta', 'low sodium beef broth ', 'water', 'low-fat cottage cheese', 'pumpkin puree', 'cinnamon', 'tomato paste', 'fresh rosemary ', 'fresh basil', 'fresh sage leaves', 'Parmesan cheese']",Omnivorous
Air Fryer Hashbrowns,['frozen hashbrown patties'],Vegan
Air Fryer Chicken Sausages,['precooked chicken sausage'],Omnivorous
Sweet Chimichurri Sauce,"['fresh cilantro, finely chopped with stems (not end stems)', 'fresh parsley (finely chopped with stems (not end stems)', 'olive oil', 'red wine vinegar', 'agave nectar or honey', 'lemons, juiced', 'garlic, minced', 'tomatoes, finely chopped, with juices', 'red onion, finely sliced and chopped', 'kosher salt', 'fresh cracked black pepper ']",Vegan
Cream of Mushroom Chicken Skillet,"['boneless skinless chicken breasts ', 'salt', 'chili powder', 'fresh cracked pepper', 'olive oil', 'mushrooms', 'garlic', 'reduced-sodium cream of mushroom soup', 'water', 'cornstarch (or arrowroot powder)', 'water (to mix)']",Omnivorous
Air Fryer Filet Mignon,"['beef tenderloin steaks (filet mignon)', 'thick cut bacon ', 'kosher salt', 'black pepper', 'gorgonzola or blue cheese crumbles ']",Vegetarian
Cottage Cheese Pasta Sauce,"['olive oil', 'garlic, minced', 'yellow onion, finely chopped', 'basil', 'oregano ', 'salt', 'fresh cracked black pepper', 'tomato sauce', 'tomato paste', 'beef broth', 'honey ', 'low fat cottage cheese ', 'beef broth']",Vegetarian
Marry Me Chicken Pasta,"['Banza chickpea pasta shells', 'boneless skinless chicken breasts, cubed', 'Italian seasoning', 'salt', 'fresh cracked pepper', 'oil from sun-dried tomatoes ', 'low-fat cottage cheese', 'low-sodium chicken broth', 'garlic powder', 'oil from sun-dried tomatoes ', 'parmesan cheese, shredded 56g', 'sun-dried tomatoes ', 'Italian seasoning', 'salt', 'fresh cracked pepper', 'spinach, packed']",Omnivorous
Instant Pot Chicken Gnocchi Soup,"['olive oil', 'lean ground chicken', 'yellow onion', 'carrots', 'celery', 'garlic', 'salt', 'pepper', 'dried basil', 'dried oregano', 'paprika ', 'low sodium chicken broth', 'potato gnocchi', 'fresh spinach', 'frozen peas', 'frozen corn', 'fat-free half-and-half', 'fresh chopped parsley', 'fresh grated Parmesan cheese', 'hot sauce']",Omnivorous
Garlic Tomato Sauce,"['olive oil', 'garlic', 'yellow onion', 'basil', 'oregano ', 'salt', 'fresh cracked black pepper', 'tomato sauce', 'tomato paste', 'beef broth', 'honey ']",Vegan
Chicken Enchilada Soup,"['boneless skinless chicken breast, raw', '\xa0red bell pepper, chopped ', '\xa0small yellow onion, chopped ', 'can Whole Kernel Corn (no salt added) ', 'can low sodium Black Beans Low Sodium', 'can petite diced Tomatoes (no salt added)', 'can mild Red Enchilada Sauce ', 'can diced green chilies', 'low sodium Chicken Broth', 'salt', 'pepper', 'onion powder', 'garlic powder', 'paprika', 'chili powder', 'ground cumin', '1/3 less fat Cream Cheese']",Omnivorous
Butternut Squash and Red Pepper Soup,"['red bell peppers ', 'frozen cubed butternut squash', ' garlic cloves ', 'olive oil', 'salt', 'fresh cracked black pepper', 'chicken bone broth', 'low-fat cottage cheese', 'salt', 'onion powder', 'garlic powder', 'ground ginger', 'fresh cracked pepper']",Omnivorous
Sweet Potato Pie,"['sweet potatoes', 'unsalted butter', 'light brown sugar', 'granulated sugar', 'room temperature ', 'whole milk', 'vanilla extract', 'salt', 'cinnamon', 'nutmeg', 'refrigerated pie crust']",Vegetarian
Chocolate Rice Krispie Treats,"['unsalted butter', 'mini marshmallows', 'chocolate protein powder, 31g', 'unsweetened cocoa powder', 'chocolate chips', 'Rice Krispie Cereal', 'flaky sea salt']",Vegan
Almond Flour Peanut Butter Cookies,"['natural peanut butter', 'light brown sugar, lightly packed', 'granulated sugar', 'egg', 'pure vanilla extract', 'salt', 'baking powder', 'almond flour']",Vegan
Whipped Feta Dip,"['feta cheese, block or crumbled ', 'low fat cottage cheese (drain excess water, if needed)', 'lemon juice', 'olive oil', 'sea salt', 'black pepper', 'milk ', 'hot honey', 'chopped chives', 'crushed red pepper flakes', 'black pepper', 'black sesame seeds']",Vegetarian
Coffee Cookies,"['unsalted butter', 'granulated sugar', 'light brown sugar', 'egg', 'espresso powder', 'vanilla extract', 'all-purpose flour', 'baking powder', 'baking soda', 'salt', 'dark chocolate bar, roughly chopped into bite-sized chunks', 'flaky sea salt, for sprinkling on top']",Vegan
Applesauce Coffee Cake,"['all-purpose flour', 'light brown sugar, lightly packed', 'unsalted butter', 'cinnamon', 'all-purpose flour', 'baking powder', 'salt', 'light brown sugar, lightly packed', 'unsweetened applesauce ', 'unsalted butter, melted and slightly cooled', 'nonfat Greek yogurt', 'egg', 'vanilla extract']",Vegetarian
Rocket Pear Salad,"['spring mix with arugula (rocket salad)', 'ripe pear', 'shallot, thinly sliced', 'feta cheese, crumbled', 'walnuts, chopped', 'fennel bulb, thinly sliced ', 'olive oil', 'apple cider vinegar', 'dijon mustard', 'honey', 'sea salt', 'black pepper']",Vegetarian
Crispy Quinoa Kale Salad,"['cooked and cooled quinoa', 'chili oil ', 'salt', 'ground cinnamon', 'roughly chopped kale', 'extra virgin olive oil', 'salt', 'black pepper', 'avocado ', 'shallot', 'apple', 'dried cranberries', 'pepitas', 'feta cheese, crumbled', 'extra virgin olive oil', 'balsamic glaze', 'lemon, juiced', 'salt', 'black pepper ']",Vegetarian
Dirty Martini Dip,"['low-fat cottage cheese', 'less fat cream cheese', 'non-fat plain greek yogurt', 'garlic', 'fresh black pepper', 'green olive juice', 'pimento-stuffed green olives, chopped', 'blue cheese crumbles ']",Vegetarian
Overnight Oats with Water,"['water', 'plain nonfat Greek yogurt', 'honey (or maple syrup)', 'chia seeds']",Vegetarian
Baked Chicken Tenderloins,"['chicken tenderloins', 'soy sauce ', 'olive oil', 'spicy brown mustard', 'garlic powder', 'ground ginger']",Omnivorous
Cottage Cheese and Eggs,"['eggs', 'liquid egg whites', 'low-fat cottage cheese', 'pinch of salt', 'fresh cracked pepper', 'garlic powder (optional)', 'olive oil cooking spray ']",Vegetarian
Green Protein Smoothie,"['large ripe avocado ', 'fresh spinach', 'green pear', 'green apple', 'fresh parsley ', 'lemons', 'pineapple juice, 100% pure ', 'water', 'Vanilla Protein Powder (Vegan Preferred)', 'avocado', 'handful spinach', 'green pear', 'green apple', 'fresh parsley ']",Vegan
